site_id,timestamp,temp_c,humidity_pct,wind_kmh,rain_mm_hr
S01,2025-05-01 00:00:00,29.2,94,10.6,0.0
S01,2025-05-01 01:00:00,29.2,92,11.2,0.0
S01,2025-05-01 02:00:00,29.2,100,9.4,0.0
S01,2025-05-01 03:00:00,29.2,99,7.0,0.0
S01,2025-05-01 04:00:00,29.2,94,12.5,0.0
S01,2025-05-01 05:00:00,29.2,97,14.1,0.0
S01,2025-05-01 06:00:00,30.0,94,11.0,0.0
S01,2025-05-01 07:00:00,31.2,84,14.6,0.0
S01,2025-05-01 08:00:00,32.4,79,8.2,0.0
S01,2025-05-01 09:00:00,33.7,69,9.2,0.0
S01,2025-05-01 10:00:00,34.8,70,12.4,0.0
S01,2025-05-01 11:00:00,35.9,66,10.7,0.0
S01,2025-05-01 12:00:00,36.7,60,13.9,0.0
S01,2025-05-01 13:00:00,37.3,55,13.4,0.0
S01,2025-05-01 14:00:00,37.6,53,10.9,0.0
S01,2025-05-01 15:00:00,37.6,54,8.4,0.0
S01,2025-05-01 16:00:00,37.3,59,10.6,0.0
S01,2025-05-01 17:00:00,36.7,59,13.4,0.0
S01,2025-05-01 18:00:00,35.9,65,14.0,0.0
S01,2025-05-01 19:00:00,34.8,68,10.7,0.0
S01,2025-05-01 20:00:00,33.7,73,6.9,0.0
S01,2025-05-01 21:00:00,32.4,74,8.0,0.0
S01,2025-05-01 22:00:00,31.2,82,13.2,0.0
S01,2025-05-01 23:00:00,30.0,88,10.9,0.0
S01,2025-05-02 00:00:00,28.7,94,9.1,0.0
S01,2025-05-02 01:00:00,28.7,94,14.5,0.0
S01,2025-05-02 02:00:00,28.7,88,13.3,0.0
S01,2025-05-02 03:00:00,28.7,96,10.2,0.0
S01,2025-05-02 04:00:00,28.7,89,12.2,0.0
S01,2025-05-02 05:00:00,28.7,93,12.7,0.0
S01,2025-05-02 06:00:00,29.7,91,16.8,0.0
S01,2025-05-02 07:00:00,31.2,85,8.9,0.0
S01,2025-05-02 08:00:00,32.8,80,12.7,0.0
S01,2025-05-02 09:00:00,34.3,79,14.5,0.0
S01,2025-05-02 10:00:00,35.8,70,16.4,0.0
S01,2025-05-02 11:00:00,37.1,58,10.1,0.0
S01,2025-05-02 12:00:00,38.2,56,10.8,0.0
S01,2025-05-02 13:00:00,38.9,51,13.9,0.0
S01,2025-05-02 14:00:00,39.3,54,7.6,0.0
S01,2025-05-02 15:00:00,39.3,51,12.9,0.0
S01,2025-05-02 16:00:00,38.9,60,18.0,0.0
S01,2025-05-02 17:00:00,38.2,71,13.2,0.0
S01,2025-05-02 18:00:00,37.1,59,5.6,0.0
S01,2025-05-02 19:00:00,35.8,69,9.6,0.0
S01,2025-05-02 20:00:00,34.3,72,10.2,0.0
S01,2025-05-02 21:00:00,32.8,79,15.2,0.0
S01,2025-05-02 22:00:00,31.2,86,11.5,0.0
S01,2025-05-02 23:00:00,29.7,87,7.0,0.0
S01,2025-05-03 00:00:00,29.0,99,10.5,0.0
S01,2025-05-03 01:00:00,29.0,90,9.1,0.0
S01,2025-05-03 02:00:00,29.0,92,18.4,0.0
S01,2025-05-03 03:00:00,29.0,92,14.5,0.0
S01,2025-05-03 04:00:00,29.0,91,14.8,0.0
S01,2025-05-03 05:00:00,29.0,97,11.5,0.0
S01,2025-05-03 06:00:00,29.7,91,10.0,0.0
S01,2025-05-03 07:00:00,30.8,88,10.6,0.0
S01,2025-05-03 08:00:00,32.0,75,8.2,0.0
S01,2025-05-03 09:00:00,33.1,74,16.7,0.0
S01,2025-05-03 10:00:00,34.2,69,11.6,0.0
S01,2025-05-03 11:00:00,35.2,64,15.9,0.0
S01,2025-05-03 12:00:00,36.0,60,10.8,0.0
S01,2025-05-03 13:00:00,36.5,61,13.3,0.0
S01,2025-05-03 14:00:00,36.8,61,12.5,0.0
S01,2025-05-03 15:00:00,36.8,50,7.9,0.0
S01,2025-05-03 16:00:00,36.5,63,17.2,0.0
S01,2025-05-03 17:00:00,36.0,59,10.9,0.0
S01,2025-05-03 18:00:00,35.2,69,8.7,0.0
S01,2025-05-03 19:00:00,34.2,65,13.9,0.0
S01,2025-05-03 20:00:00,33.1,72,12.0,0.0
S01,2025-05-03 21:00:00,32.0,79,13.0,0.0
S01,2025-05-03 22:00:00,30.8,91,12.3,0.0
S01,2025-05-03 23:00:00,29.7,94,5.8,0.0
S01,2025-05-04 00:00:00,28.3,94,14.7,0.0
S01,2025-05-04 01:00:00,28.3,90,12.1,0.0
S01,2025-05-04 02:00:00,28.3,93,11.0,0.0
S01,2025-05-04 03:00:00,28.3,99,13.6,0.0
S01,2025-05-04 04:00:00,28.3,100,11.5,0.0
S01,2025-05-04 05:00:00,28.3,92,11.3,0.0
S01,2025-05-04 06:00:00,29.2,92,12.5,0.0
S01,2025-05-04 07:00:00,30.4,81,12.3,0.0
S01,2025-05-04 08:00:00,31.8,81,19.6,0.0
S01,2025-05-04 09:00:00,33.2,81,9.4,0.0
S01,2025-05-04 10:00:00,34.4,67,7.6,0.0
S01,2025-05-04 11:00:00,35.6,61,12.9,0.0
S01,2025-05-04 12:00:00,36.4,64,9.8,0.0
S01,2025-05-04 13:00:00,37.1,54,5.6,0.0
S01,2025-05-04 14:00:00,37.4,55,8.8,0.0
S01,2025-05-04 15:00:00,37.4,53,9.4,0.0
S01,2025-05-04 16:00:00,37.1,56,6.7,0.0
S01,2025-05-04 17:00:00,36.4,53,18.4,0.0
S01,2025-05-04 18:00:00,35.6,58,8.7,0.0
S01,2025-05-04 19:00:00,34.4,76,20.7,0.0
S01,2025-05-04 20:00:00,33.2,69,10.9,0.0
S01,2025-05-04 21:00:00,31.8,81,17.2,0.0
S01,2025-05-04 22:00:00,30.4,82,11.3,0.0
S01,2025-05-04 23:00:00,29.2,94,13.3,0.0
S01,2025-05-05 00:00:00,28.9,93,13.4,0.0
S01,2025-05-05 01:00:00,28.9,99,12.5,0.0
S01,2025-05-05 02:00:00,28.9,96,12.2,0.0
S01,2025-05-05 03:00:00,28.9,95,9.8,0.0
S01,2025-05-05 04:00:00,28.9,96,11.7,0.0
S01,2025-05-05 05:00:00,28.9,100,16.7,0.0
S01,2025-05-05 06:00:00,29.7,93,9.7,0.0
S01,2025-05-05 07:00:00,30.8,81,15.6,0.0
S01,2025-05-05 08:00:00,32.0,81,13.4,0.0
S01,2025-05-05 09:00:00,33.2,67,14.8,0.0
S01,2025-05-05 10:00:00,33.1,72,10.0,1.1
S01,2025-05-05 11:00:00,33.3,61,12.8,0.0
S01,2025-05-05 12:00:00,36.1,60,11.1,0.0
S01,2025-05-05 13:00:00,36.7,56,11.2,0.0
S01,2025-05-05 14:00:00,36.9,56,16.4,0.0
S01,2025-05-05 15:00:00,36.9,45,11.3,0.0
S01,2025-05-05 16:00:00,36.7,57,12.9,0.0
S01,2025-05-05 17:00:00,36.1,58,6.7,0.0
S01,2025-05-05 18:00:00,35.3,65,17.2,0.0
S01,2025-05-05 19:00:00,34.3,62,14.6,0.0
S01,2025-05-05 20:00:00,33.2,72,11.8,0.0
S01,2025-05-05 21:00:00,32.0,76,11.0,0.0
S01,2025-05-05 22:00:00,30.8,91,13.7,0.0
S01,2025-05-05 23:00:00,29.7,98,15.5,0.0
S01,2025-05-06 00:00:00,30.4,94,12.2,0.0
S01,2025-05-06 01:00:00,30.4,92,15.0,0.0
S01,2025-05-06 02:00:00,30.4,90,14.3,0.0
S01,2025-05-06 03:00:00,30.4,94,15.5,0.0
S01,2025-05-06 04:00:00,30.4,98,17.5,0.0
S01,2025-05-06 05:00:00,30.4,98,7.3,0.0
S01,2025-05-06 06:00:00,31.1,91,8.5,0.0
S01,2025-05-06 07:00:00,32.2,84,16.5,0.0
S01,2025-05-06 08:00:00,33.3,82,9.9,0.0
S01,2025-05-06 09:00:00,34.5,70,12.1,0.0
S01,2025-05-06 10:00:00,35.6,63,10.0,0.0
S01,2025-05-06 11:00:00,36.5,65,15.5,0.0
S01,2025-05-06 12:00:00,37.3,62,5.1,0.0
S01,2025-05-06 13:00:00,37.8,58,12.2,0.0
S01,2025-05-06 14:00:00,38.1,57,16.8,0.0
S01,2025-05-06 15:00:00,38.1,47,10.2,0.0
S01,2025-05-06 16:00:00,37.8,59,7.3,0.0
S01,2025-05-06 17:00:00,37.3,65,13.1,0.0
S01,2025-05-06 18:00:00,36.5,67,10.3,0.0
S01,2025-05-06 19:00:00,35.6,71,15.2,0.0
S01,2025-05-06 20:00:00,34.5,75,12.7,0.0
S01,2025-05-06 21:00:00,33.3,81,9.4,0.0
S01,2025-05-06 22:00:00,32.2,85,11.5,0.0
S01,2025-05-06 23:00:00,31.1,93,15.0,0.0
S01,2025-05-07 00:00:00,28.9,92,12.6,0.0
S01,2025-05-07 01:00:00,28.9,98,12.0,0.0
S01,2025-05-07 02:00:00,28.9,100,14.6,0.0
S01,2025-05-07 03:00:00,28.9,98,13.7,0.0
S01,2025-05-07 04:00:00,28.9,100,11.4,0.0
S01,2025-05-07 05:00:00,28.9,87,16.8,0.0
S01,2025-05-07 06:00:00,29.6,89,12.3,0.0
S01,2025-05-07 07:00:00,30.5,91,7.2,0.0
S01,2025-05-07 08:00:00,31.6,75,7.2,0.0
S01,2025-05-07 09:00:00,32.7,71,13.3,0.0
S01,2025-05-07 10:00:00,33.7,70,12.8,0.0
S01,2025-05-07 11:00:00,34.5,58,5.1,0.0
S01,2025-05-07 12:00:00,35.2,60,10.6,0.0
S01,2025-05-07 13:00:00,35.7,58,14.1,0.0
S01,2025-05-07 14:00:00,36.0,56,14.3,0.0
S01,2025-05-07 15:00:00,36.0,56,13.6,0.0
S01,2025-05-07 16:00:00,35.7,54,11.5,0.0
S01,2025-05-07 17:00:00,35.2,60,14.5,0.0
S01,2025-05-07 18:00:00,34.5,62,13.6,0.0
S01,2025-05-07 19:00:00,33.7,67,11.6,0.0
S01,2025-05-07 20:00:00,32.7,77,6.0,0.0
S01,2025-05-07 21:00:00,31.6,75,7.6,0.0
S01,2025-05-07 22:00:00,30.5,76,10.0,0.0
S01,2025-05-07 23:00:00,29.6,94,11.1,0.0
S01,2025-05-08 00:00:00,29.9,100,12.3,0.0
S01,2025-05-08 01:00:00,29.9,92,10.2,0.0
S01,2025-05-08 02:00:00,29.9,89,9.3,0.0
S01,2025-05-08 03:00:00,29.9,94,14.4,0.0
S01,2025-05-08 04:00:00,29.9,100,7.9,0.0
S01,2025-05-08 05:00:00,29.9,97,8.9,0.0
S01,2025-05-08 06:00:00,30.6,93,11.6,0.0
S01,2025-05-08 07:00:00,31.7,78,14.8,0.0
S01,2025-05-08 08:00:00,31.6,80,11.8,1.2
S01,2025-05-08 09:00:00,32.1,69,10.0,0.0
S01,2025-05-08 10:00:00,35.2,70,11.4,0.0
S01,2025-05-08 11:00:00,36.1,65,13.1,0.0
S01,2025-05-08 12:00:00,36.9,65,11.0,0.0
S01,2025-05-08 13:00:00,37.5,51,15.2,0.0
S01,2025-05-08 14:00:00,37.7,54,15.3,0.0
S01,2025-05-08 15:00:00,37.7,57,11.6,0.0
S01,2025-05-08 16:00:00,37.5,58,17.9,0.0
S01,2025-05-08 17:00:00,36.9,68,12.2,0.0
S01,2025-05-08 18:00:00,36.1,64,15.2,0.0
S01,2025-05-08 19:00:00,35.2,65,13.0,0.0
S01,2025-05-08 20:00:00,34.1,74,12.9,0.0
S01,2025-05-08 21:00:00,32.9,76,7.2,0.0
S01,2025-05-08 22:00:00,31.7,77,8.6,0.0
S01,2025-05-08 23:00:00,30.6,89,11.1,0.0
S01,2025-05-09 00:00:00,29.9,93,11.1,0.0
S01,2025-05-09 01:00:00,29.9,96,13.9,0.0
S01,2025-05-09 02:00:00,29.9,94,15.2,0.0
S01,2025-05-09 03:00:00,29.9,90,12.0,0.0
S01,2025-05-09 04:00:00,29.9,100,12.7,0.0
S01,2025-05-09 05:00:00,29.9,100,12.3,0.0
S01,2025-05-09 06:00:00,30.9,93,11.8,0.0
S01,2025-05-09 07:00:00,32.3,85,9.7,0.0
S01,2025-05-09 08:00:00,33.8,81,9.4,0.0
S01,2025-05-09 09:00:00,35.4,76,15.3,0.0
S01,2025-05-09 10:00:00,36.8,70,11.1,0.0
S01,2025-05-09 11:00:00,38.1,65,11.1,0.0
S01,2025-05-09 12:00:00,39.1,63,6.5,0.0
S01,2025-05-09 13:00:00,39.8,55,6.0,0.0
S01,2025-05-09 14:00:00,40.2,49,16.1,0.0
S01,2025-05-09 15:00:00,40.2,59,9.8,0.0
S01,2025-05-09 16:00:00,39.8,51,3.1,0.0
S01,2025-05-09 17:00:00,39.1,57,19.3,0.0
S01,2025-05-09 18:00:00,38.1,65,10.3,0.0
S01,2025-05-09 19:00:00,36.8,70,7.3,0.0
S01,2025-05-09 20:00:00,35.4,73,12.3,0.0
S01,2025-05-09 21:00:00,33.8,79,14.4,0.0
S01,2025-05-09 22:00:00,32.3,87,14.0,0.0
S01,2025-05-09 23:00:00,30.9,88,14.7,0.0
S01,2025-05-10 00:00:00,28.2,94,16.2,0.0
S01,2025-05-10 01:00:00,28.2,93,16.4,0.0
S01,2025-05-10 02:00:00,28.2,96,12.8,0.0
S01,2025-05-10 03:00:00,28.2,100,10.9,0.0
S01,2025-05-10 04:00:00,28.2,91,10.7,0.0
S01,2025-05-10 05:00:00,28.2,97,7.3,0.0
S01,2025-05-10 06:00:00,29.3,94,10.4,0.0
S01,2025-05-10 07:00:00,30.9,90,4.8,0.0
S01,2025-05-10 08:00:00,32.6,77,6.9,0.0
S01,2025-05-10 09:00:00,34.4,70,12.7,0.0
S01,2025-05-10 10:00:00,36.0,67,11.2,0.0
S01,2025-05-10 11:00:00,37.4,63,12.6,0.0
S01,2025-05-10 12:00:00,38.5,55,14.1,0.0
S01,2025-05-10 13:00:00,39.3,59,13.2,0.0
S01,2025-05-10 14:00:00,39.7,57,12.9,0.0
S01,2025-05-10 15:00:00,39.7,63,11.7,0.0
S01,2025-05-10 16:00:00,39.3,55,9.7,0.0
S01,2025-05-10 17:00:00,38.5,55,8.3,0.0
S01,2025-05-10 18:00:00,37.4,60,11.8,0.0
S01,2025-05-10 19:00:00,36.0,69,12.2,0.0
S01,2025-05-10 20:00:00,34.4,71,14.7,0.0
S01,2025-05-10 21:00:00,32.6,83,11.5,0.0
S01,2025-05-10 22:00:00,30.9,83,13.6,0.0
S01,2025-05-10 23:00:00,29.3,92,7.7,0.0
S01,2025-05-11 00:00:00,29.2,89,16.0,0.0
S01,2025-05-11 01:00:00,29.2,100,11.2,0.0
S01,2025-05-11 02:00:00,29.2,96,4.8,0.0
S01,2025-05-11 03:00:00,29.2,90,11.1,0.0
S01,2025-05-11 04:00:00,29.2,91,14.1,0.0
S01,2025-05-11 05:00:00,29.2,100,8.5,0.0
S01,2025-05-11 06:00:00,30.0,88,12.7,0.0
S01,2025-05-11 07:00:00,31.1,92,8.3,0.0
S01,2025-05-11 08:00:00,32.3,81,17.5,0.0
S01,2025-05-11 09:00:00,33.6,67,8.2,0.0
S01,2025-05-11 10:00:00,34.7,66,10.4,0.0
S01,2025-05-11 11:00:00,35.7,67,12.7,0.0
S01,2025-05-11 12:00:00,36.5,52,13.5,0.0
S01,2025-05-11 13:00:00,37.1,54,15.8,0.0
S01,2025-05-11 14:00:00,37.4,53,10.1,0.0
S01,2025-05-11 15:00:00,37.4,57,14.3,0.0
S01,2025-05-11 16:00:00,37.1,58,6.9,0.0
S01,2025-05-11 17:00:00,36.5,61,8.9,0.0
S01,2025-05-11 18:00:00,35.7,64,7.7,0.0
S01,2025-05-11 19:00:00,34.7,70,9.6,0.0
S01,2025-05-11 20:00:00,33.6,69,14.1,0.0
S01,2025-05-11 21:00:00,32.3,81,10.2,0.0
S01,2025-05-11 22:00:00,31.1,92,10.7,0.0
S01,2025-05-11 23:00:00,30.0,91,12.8,0.0
S01,2025-05-12 00:00:00,29.4,100,8.9,0.0
S01,2025-05-12 01:00:00,29.4,85,16.8,0.0
S01,2025-05-12 02:00:00,29.4,100,10.8,0.0
S01,2025-05-12 03:00:00,29.4,87,11.1,0.0
S01,2025-05-12 04:00:00,29.4,94,11.4,0.0
S01,2025-05-12 05:00:00,29.4,91,13.7,0.0
S01,2025-05-12 06:00:00,30.4,93,7.5,0.0
S01,2025-05-12 07:00:00,31.8,89,18.2,0.0
S01,2025-05-12 08:00:00,33.4,80,11.0,0.0
S01,2025-05-12 09:00:00,34.9,73,13.8,0.0
S01,2025-05-12 10:00:00,36.4,61,12.5,0.0
S01,2025-05-12 11:00:00,37.7,62,17.5,0.0
S01,2025-05-12 12:00:00,38.7,59,17.0,0.0
S01,2025-05-12 13:00:00,39.4,52,13.8,0.0
S01,2025-05-12 14:00:00,39.8,56,9.4,0.0
S01,2025-05-12 15:00:00,39.8,56,15.6,0.0
S01,2025-05-12 16:00:00,39.4,55,6.9,0.0
S01,2025-05-12 17:00:00,38.7,59,9.3,0.0
S01,2025-05-12 18:00:00,37.7,62,11.8,0.0
S01,2025-05-12 19:00:00,36.4,61,7.2,0.0
S01,2025-05-12 20:00:00,34.9,76,10.4,0.0
S01,2025-05-12 21:00:00,33.4,70,14.4,0.0
S01,2025-05-12 22:00:00,31.8,87,9.9,0.0
S01,2025-05-12 23:00:00,30.4,86,14.5,0.0
S01,2025-05-13 00:00:00,30.9,94,14.5,0.0
S01,2025-05-13 01:00:00,30.9,98,15.8,0.0
S01,2025-05-13 02:00:00,30.9,93,10.7,0.0
S01,2025-05-13 03:00:00,30.9,93,14.4,0.0
S01,2025-05-13 04:00:00,30.9,100,10.6,0.0
S01,2025-05-13 05:00:00,30.9,93,12.9,0.0
S01,2025-05-13 06:00:00,31.9,90,14.9,0.0
S01,2025-05-13 07:00:00,33.3,77,9.5,0.0
S01,2025-05-13 08:00:00,34.8,77,5.0,0.0
S01,2025-05-13 09:00:00,36.4,70,9.3,0.0
S01,2025-05-13 10:00:00,37.8,67,15.3,0.0
S01,2025-05-13 11:00:00,39.1,62,8.9,0.0
S01,2025-05-13 12:00:00,40.1,59,15.1,0.0
S01,2025-05-13 13:00:00,40.8,53,9.3,0.0
S01,2025-05-13 14:00:00,41.1,57,11.3,0.0
S01,2025-05-13 15:00:00,41.1,58,12.0,0.0
S01,2025-05-13 16:00:00,40.8,59,8.9,0.0
S01,2025-05-13 17:00:00,40.1,59,11.4,0.0
S01,2025-05-13 18:00:00,39.1,58,7.3,0.0
S01,2025-05-13 19:00:00,37.8,71,10.9,0.0
S01,2025-05-13 20:00:00,36.4,70,11.7,0.0
S01,2025-05-13 21:00:00,34.8,84,5.2,0.0
S01,2025-05-13 22:00:00,33.3,80,9.2,0.0
S01,2025-05-13 23:00:00,31.9,97,12.8,0.0
S01,2025-05-14 00:00:00,28.1,95,13.6,0.0
S01,2025-05-14 01:00:00,28.1,94,12.8,0.0
S01,2025-05-14 02:00:00,28.1,96,14.3,0.0
S01,2025-05-14 03:00:00,28.1,98,7.1,0.0
S01,2025-05-14 04:00:00,28.1,86,15.0,0.0
S01,2025-05-14 05:00:00,28.1,100,8.9,0.0
S01,2025-05-14 06:00:00,29.4,84,12.3,0.0
S01,2025-05-14 07:00:00,31.3,89,17.4,0.0
S01,2025-05-14 08:00:00,33.3,82,10.9,0.0
S01,2025-05-14 09:00:00,35.4,70,12.0,0.0
S01,2025-05-14 10:00:00,37.3,67,9.0,0.0
S01,2025-05-14 11:00:00,39.0,71,17.4,0.0
S01,2025-05-14 12:00:00,40.3,64,9.2,0.0
S01,2025-05-14 13:00:00,41.2,60,13.9,0.0
S01,2025-05-14 14:00:00,41.7,57,15.7,0.0
S01,2025-05-14 15:00:00,41.7,58,14.2,0.0
S01,2025-05-14 16:00:00,41.2,59,13.0,0.0
S01,2025-05-14 17:00:00,40.3,52,12.3,0.0
S01,2025-05-14 18:00:00,39.0,61,8.2,0.0
S01,2025-05-14 19:00:00,37.3,75,17.2,0.0
S01,2025-05-14 20:00:00,35.4,79,12.8,0.0
S01,2025-05-14 21:00:00,33.3,85,12.0,0.0
S01,2025-05-14 22:00:00,31.3,87,8.7,0.0
S01,2025-05-14 23:00:00,29.4,93,12.2,0.0
S01,2025-05-15 00:00:00,29.0,94,8.8,0.0
S01,2025-05-15 01:00:00,29.0,94,9.8,0.0
S01,2025-05-15 02:00:00,29.0,90,13.5,0.0
S01,2025-05-15 03:00:00,29.0,97,6.6,0.0
S01,2025-05-15 04:00:00,29.0,95,15.0,0.0
S01,2025-05-15 05:00:00,29.0,99,15.1,0.0
S01,2025-05-15 06:00:00,29.9,91,9.5,0.0
S01,2025-05-15 07:00:00,31.3,81,13.0,0.0
S01,2025-05-15 08:00:00,32.7,81,15.9,0.0
S01,2025-05-15 09:00:00,34.2,78,11.6,0.0
S01,2025-05-15 10:00:00,35.6,63,11.0,0.0
S01,2025-05-15 11:00:00,36.8,64,11.4,0.0
S01,2025-05-15 12:00:00,37.8,57,12.8,0.0
S01,2025-05-15 13:00:00,38.5,55,10.1,0.0
S01,2025-05-15 14:00:00,38.8,56,10.8,0.0
S01,2025-05-15 15:00:00,38.8,56,12.8,0.0
S01,2025-05-15 16:00:00,34.4,83,29.0,15.4
S01,2025-05-15 17:00:00,36.0,73,13.4,4.1
S01,2025-05-15 18:00:00,33.8,75,18.4,10.0
S01,2025-05-15 19:00:00,33.6,68,12.1,0.0
S01,2025-05-15 20:00:00,34.2,73,15.6,0.0
S01,2025-05-15 21:00:00,32.7,69,13.2,0.0
S01,2025-05-15 22:00:00,31.3,92,8.6,0.0
S01,2025-05-15 23:00:00,29.9,90,9.7,0.0
S01,2025-05-16 00:00:00,28.7,94,17.7,0.0
S01,2025-05-16 01:00:00,28.7,95,17.3,0.0
S01,2025-05-16 02:00:00,28.7,95,12.4,0.0
S01,2025-05-16 03:00:00,28.7,96,21.5,0.0
S01,2025-05-16 04:00:00,28.7,98,9.9,0.0
S01,2025-05-16 05:00:00,28.7,99,10.9,0.0
S01,2025-05-16 06:00:00,29.5,89,14.7,0.0
S01,2025-05-16 07:00:00,30.5,86,12.8,0.0
S01,2025-05-16 08:00:00,31.6,80,13.0,0.0
S01,2025-05-16 09:00:00,32.7,75,6.2,0.0
S01,2025-05-16 10:00:00,33.8,71,9.1,0.0
S01,2025-05-16 11:00:00,34.7,57,11.8,0.0
S01,2025-05-16 12:00:00,35.4,60,9.9,0.0
S01,2025-05-16 13:00:00,36.0,60,8.0,0.0
S01,2025-05-16 14:00:00,36.2,54,10.2,0.0
S01,2025-05-16 15:00:00,36.2,55,12.8,0.0
S01,2025-05-16 16:00:00,36.0,53,14.2,0.0
S01,2025-05-16 17:00:00,35.4,60,6.3,0.0
S01,2025-05-16 18:00:00,34.7,55,12.0,0.0
S01,2025-05-16 19:00:00,33.8,67,11.7,0.0
S01,2025-05-16 20:00:00,32.7,74,12.7,0.0
S01,2025-05-16 21:00:00,31.6,84,8.7,0.0
S01,2025-05-16 22:00:00,30.5,81,8.7,0.0
S01,2025-05-16 23:00:00,29.5,92,15.7,0.0
S01,2025-05-17 00:00:00,27.0,93,10.8,0.0
S01,2025-05-17 01:00:00,27.0,95,11.1,0.0
S01,2025-05-17 02:00:00,27.0,99,10.0,0.0
S01,2025-05-17 03:00:00,27.0,92,13.4,0.0
S01,2025-05-17 04:00:00,27.0,89,13.2,0.0
S01,2025-05-17 05:00:00,27.0,95,11.6,0.0
S01,2025-05-17 06:00:00,27.9,98,10.1,0.0
S01,2025-05-17 07:00:00,29.3,94,11.3,0.0
S01,2025-05-17 08:00:00,30.8,75,12.2,0.0
S01,2025-05-17 09:00:00,32.3,69,9.7,0.0
S01,2025-05-17 10:00:00,33.6,70,13.7,0.0
S01,2025-05-17 11:00:00,34.9,61,15.0,0.0
S01,2025-05-17 12:00:00,35.8,64,16.3,0.0
S01,2025-05-17 13:00:00,36.5,59,16.1,0.0
S01,2025-05-17 14:00:00,36.9,48,11.0,0.0
S01,2025-05-17 15:00:00,36.9,52,12.4,0.0
S01,2025-05-17 16:00:00,36.5,54,11.5,0.0
S01,2025-05-17 17:00:00,35.8,67,11.5,0.0
S01,2025-05-17 18:00:00,34.9,65,11.3,0.0
S01,2025-05-17 19:00:00,33.6,68,12.0,0.0
S01,2025-05-17 20:00:00,32.3,76,15.5,0.0
S01,2025-05-17 21:00:00,30.8,86,12.9,0.0
S01,2025-05-17 22:00:00,29.3,88,8.5,0.0
S01,2025-05-17 23:00:00,27.9,91,14.8,0.0
S01,2025-05-18 00:00:00,29.2,100,12.9,0.0
S01,2025-05-18 01:00:00,29.2,94,13.0,0.0
S01,2025-05-18 02:00:00,29.2,83,13.1,0.0
S01,2025-05-18 03:00:00,29.2,80,6.8,0.0
S01,2025-05-18 04:00:00,29.2,97,13.4,0.0
S01,2025-05-18 05:00:00,29.2,90,9.9,0.0
S01,2025-05-18 06:00:00,30.1,97,10.5,0.0
S01,2025-05-18 07:00:00,31.4,95,12.0,0.0
S01,2025-05-18 08:00:00,32.8,81,16.9,0.0
S01,2025-05-18 09:00:00,34.2,74,9.0,0.0
S01,2025-05-18 10:00:00,35.6,68,11.9,0.0
S01,2025-05-18 11:00:00,36.7,58,11.2,0.0
S01,2025-05-18 12:00:00,37.7,56,14.8,0.0
S01,2025-05-18 13:00:00,38.3,57,11.2,0.0
S01,2025-05-18 14:00:00,38.7,55,12.7,0.0
S01,2025-05-18 15:00:00,38.7,58,9.0,0.0
S01,2025-05-18 16:00:00,38.3,52,15.3,0.0
S01,2025-05-18 17:00:00,37.7,58,7.7,0.0
S01,2025-05-18 18:00:00,36.7,65,13.4,0.0
S01,2025-05-18 19:00:00,35.6,62,12.7,0.0
S01,2025-05-18 20:00:00,34.2,77,13.1,0.0
S01,2025-05-18 21:00:00,32.8,82,7.8,0.0
S01,2025-05-18 22:00:00,31.4,87,11.1,0.0
S01,2025-05-18 23:00:00,30.1,89,14.6,0.0
S01,2025-05-19 00:00:00,30.4,96,14.3,0.0
S01,2025-05-19 01:00:00,30.4,95,12.4,0.0
S01,2025-05-19 02:00:00,30.4,98,11.8,0.0
S01,2025-05-19 03:00:00,30.4,92,10.8,0.0
S01,2025-05-19 04:00:00,30.4,98,12.0,0.0
S01,2025-05-19 05:00:00,30.4,96,14.0,0.0
S01,2025-05-19 06:00:00,31.3,90,14.3,0.0
S01,2025-05-19 07:00:00,32.6,87,8.3,0.0
S01,2025-05-19 08:00:00,33.9,86,10.5,0.0
S01,2025-05-19 09:00:00,35.3,67,8.9,0.0
S01,2025-05-19 10:00:00,36.6,64,12.2,0.0
S01,2025-05-19 11:00:00,37.7,62,11.0,0.0
S01,2025-05-19 12:00:00,38.6,62,13.0,0.0
S01,2025-05-19 13:00:00,39.2,58,13.2,0.0
S01,2025-05-19 14:00:00,39.5,58,5.7,0.0
S01,2025-05-19 15:00:00,39.5,54,5.5,0.0
S01,2025-05-19 16:00:00,39.2,57,12.0,0.0
S01,2025-05-19 17:00:00,38.6,64,15.6,0.0
S01,2025-05-19 18:00:00,37.7,64,10.5,0.0
S01,2025-05-19 19:00:00,36.6,70,10.4,0.0
S01,2025-05-19 20:00:00,35.3,74,15.0,0.0
S01,2025-05-19 21:00:00,33.9,78,14.4,0.0
S01,2025-05-19 22:00:00,32.6,88,9.1,0.0
S01,2025-05-19 23:00:00,31.3,95,14.1,0.0
S01,2025-05-20 00:00:00,28.4,97,9.1,0.0
S01,2025-05-20 01:00:00,28.4,97,8.3,0.0
S01,2025-05-20 02:00:00,28.4,94,12.3,0.0
S01,2025-05-20 03:00:00,28.4,100,7.9,0.0
S01,2025-05-20 04:00:00,28.4,100,12.4,0.0
S01,2025-05-20 05:00:00,28.4,97,12.4,0.0
S01,2025-05-20 06:00:00,29.3,93,11.5,0.0
S01,2025-05-20 07:00:00,30.5,92,10.6,0.0
S01,2025-05-20 08:00:00,31.9,84,10.1,0.0
S01,2025-05-20 09:00:00,33.3,74,8.8,0.0
S01,2025-05-20 10:00:00,34.6,70,16.3,0.0
S01,2025-05-20 11:00:00,35.7,63,11.4,0.0
S01,2025-05-20 12:00:00,36.6,55,11.3,0.0
S01,2025-05-20 13:00:00,37.3,50,9.3,0.0
S01,2025-05-20 14:00:00,37.6,56,16.0,0.0
S01,2025-05-20 15:00:00,37.6,66,10.2,0.0
S01,2025-05-20 16:00:00,37.3,62,12.7,0.0
S01,2025-05-20 17:00:00,36.6,59,13.3,0.0
S01,2025-05-20 18:00:00,35.7,63,12.3,0.0
S01,2025-05-20 19:00:00,34.6,67,7.8,0.0
S01,2025-05-20 20:00:00,33.3,68,14.0,0.0
S01,2025-05-20 21:00:00,31.9,79,10.2,0.0
S01,2025-05-20 22:00:00,30.5,86,14.4,0.0
S01,2025-05-20 23:00:00,29.3,92,10.0,0.0
S01,2025-05-21 00:00:00,30.3,100,15.4,0.0
S01,2025-05-21 01:00:00,30.3,97,13.8,0.0
S01,2025-05-21 02:00:00,30.3,97,8.7,0.0
S01,2025-05-21 03:00:00,30.3,98,7.9,0.0
S01,2025-05-21 04:00:00,30.3,92,15.9,0.0
S01,2025-05-21 05:00:00,30.3,98,16.5,0.0
S01,2025-05-21 06:00:00,31.1,90,8.5,0.0
S01,2025-05-21 07:00:00,32.3,85,12.3,0.0
S01,2025-05-21 08:00:00,33.7,80,15.4,0.0
S01,2025-05-21 09:00:00,35.0,72,13.1,0.0
S01,2025-05-21 10:00:00,36.3,64,13.4,0.0
S01,2025-05-21 11:00:00,37.4,63,9.8,0.0
S01,2025-05-21 12:00:00,38.2,58,11.4,0.0
S01,2025-05-21 13:00:00,38.9,56,17.3,0.0
S01,2025-05-21 14:00:00,39.2,55,11.3,0.0
S01,2025-05-21 15:00:00,39.2,47,9.3,0.0
S01,2025-05-21 16:00:00,38.9,56,9.9,0.0
S01,2025-05-21 17:00:00,38.2,65,11.5,0.0
S01,2025-05-21 18:00:00,37.4,68,12.2,0.0
S01,2025-05-21 19:00:00,36.3,68,11.7,0.0
S01,2025-05-21 20:00:00,35.0,74,17.2,0.0
S01,2025-05-21 21:00:00,33.7,70,6.0,0.0
S01,2025-05-21 22:00:00,32.3,84,12.0,0.0
S01,2025-05-21 23:00:00,31.1,94,13.4,0.0
S01,2025-05-22 00:00:00,29.8,99,12.8,0.0
S01,2025-05-22 01:00:00,29.8,93,14.1,0.0
S01,2025-05-22 02:00:00,29.8,95,12.0,0.0
S01,2025-05-22 03:00:00,29.8,100,4.6,0.0
S01,2025-05-22 04:00:00,29.8,89,8.4,0.0
S01,2025-05-22 05:00:00,29.8,94,11.2,0.0
S01,2025-05-22 06:00:00,30.8,85,9.0,0.0
S01,2025-05-22 07:00:00,32.2,82,19.4,0.0
S01,2025-05-22 08:00:00,33.8,87,10.8,0.0
S01,2025-05-22 09:00:00,35.3,72,8.6,0.0
S01,2025-05-22 10:00:00,36.8,61,11.6,0.0
S01,2025-05-22 11:00:00,38.0,59,11.7,0.0
S01,2025-05-22 12:00:00,39.0,53,9.7,0.0
S01,2025-05-22 13:00:00,39.8,57,13.1,0.0
S01,2025-05-22 14:00:00,40.1,57,8.0,0.0
S01,2025-05-22 15:00:00,40.1,59,9.6,0.0
S01,2025-05-22 16:00:00,39.8,59,12.0,0.0
S01,2025-05-22 17:00:00,39.0,54,11.1,0.0
S01,2025-05-22 18:00:00,38.0,65,13.8,0.0
S01,2025-05-22 19:00:00,36.8,68,16.6,0.0
S01,2025-05-22 20:00:00,35.3,78,11.2,0.0
S01,2025-05-22 21:00:00,33.8,83,17.8,0.0
S01,2025-05-22 22:00:00,32.2,94,8.3,0.0
S01,2025-05-22 23:00:00,30.8,87,16.5,0.0
S01,2025-05-23 00:00:00,27.9,95,10.0,0.0
S01,2025-05-23 01:00:00,27.9,92,9.9,0.0
S01,2025-05-23 02:00:00,27.9,91,18.8,0.0
S01,2025-05-23 03:00:00,27.9,96,14.7,0.0
S01,2025-05-23 04:00:00,27.9,93,11.4,0.0
S01,2025-05-23 05:00:00,27.9,92,4.0,0.0
S01,2025-05-23 06:00:00,29.0,86,6.6,0.0
S01,2025-05-23 07:00:00,30.6,77,8.4,0.0
S01,2025-05-23 08:00:00,32.2,85,11.9,0.0
S01,2025-05-23 09:00:00,33.9,79,13.2,0.0
S01,2025-05-23 10:00:00,35.5,71,9.3,0.0
S01,2025-05-23 11:00:00,36.9,65,14.2,0.0
S01,2025-05-23 12:00:00,38.0,57,13.7,0.0
S01,2025-05-23 13:00:00,38.8,59,10.4,0.0
S01,2025-05-23 14:00:00,39.2,51,8.4,0.0
S01,2025-05-23 15:00:00,39.2,56,13.0,0.0
S01,2025-05-23 16:00:00,38.8,53,12.1,0.0
S01,2025-05-23 17:00:00,38.0,62,13.9,0.0
S01,2025-05-23 18:00:00,36.9,69,15.8,0.0
S01,2025-05-23 19:00:00,35.5,64,17.1,0.0
S01,2025-05-23 20:00:00,33.9,72,15.1,0.0
S01,2025-05-23 21:00:00,32.2,80,10.8,0.0
S01,2025-05-23 22:00:00,30.6,79,11.5,0.0
S01,2025-05-23 23:00:00,29.0,85,14.9,0.0
S01,2025-05-24 00:00:00,28.4,92,14.3,0.0
S01,2025-05-24 01:00:00,28.4,95,17.2,0.0
S01,2025-05-24 02:00:00,28.4,93,15.0,0.0
S01,2025-05-24 03:00:00,28.4,95,14.4,0.0
S01,2025-05-24 04:00:00,28.4,93,11.9,0.0
S01,2025-05-24 05:00:00,28.4,95,9.5,0.0
S01,2025-05-24 06:00:00,29.4,94,14.0,0.0
S01,2025-05-24 07:00:00,31.0,88,16.6,0.0
S01,2025-05-24 08:00:00,32.7,86,10.9,0.0
S01,2025-05-24 09:00:00,34.3,75,10.1,0.0
S01,2025-05-24 10:00:00,35.9,68,10.2,0.0
S01,2025-05-24 11:00:00,37.3,70,13.1,0.0
S01,2025-05-24 12:00:00,38.4,58,15.6,0.0
S01,2025-05-24 13:00:00,39.2,48,6.0,0.0
S01,2025-05-24 14:00:00,39.6,58,12.2,0.0
S01,2025-05-24 15:00:00,39.6,56,8.0,0.0
S01,2025-05-24 16:00:00,39.2,56,18.0,0.0
S01,2025-05-24 17:00:00,38.4,63,12.5,0.0
S01,2025-05-24 18:00:00,37.3,61,10.8,0.0
S01,2025-05-24 19:00:00,35.9,60,12.8,0.0
S01,2025-05-24 20:00:00,34.3,77,7.3,0.0
S01,2025-05-24 21:00:00,32.7,77,8.5,0.0
S01,2025-05-24 22:00:00,31.0,82,12.2,0.0
S01,2025-05-24 23:00:00,29.4,83,13.8,0.0
S01,2025-05-25 00:00:00,28.8,100,3.7,0.0
S01,2025-05-25 01:00:00,28.8,94,8.5,0.0
S01,2025-05-25 02:00:00,28.8,98,10.0,0.0
S01,2025-05-25 03:00:00,28.8,97,13.7,0.0
S01,2025-05-25 04:00:00,28.8,100,11.4,0.0
S01,2025-05-25 05:00:00,28.8,97,7.5,0.0
S01,2025-05-25 06:00:00,29.7,96,9.7,0.0
S01,2025-05-25 07:00:00,31.1,83,11.9,0.0
S01,2025-05-25 08:00:00,32.5,74,12.7,0.0
S01,2025-05-25 09:00:00,34.0,78,12.9,0.0
S01,2025-05-25 10:00:00,35.3,62,11.6,0.0
S01,2025-05-25 11:00:00,36.5,66,6.4,0.0
S01,2025-05-25 12:00:00,37.5,55,14.6,0.0
S01,2025-05-25 13:00:00,38.2,58,13.2,0.0
S01,2025-05-25 14:00:00,38.5,63,13.4,0.0
S01,2025-05-25 15:00:00,38.5,58,20.1,0.0
S01,2025-05-25 16:00:00,38.2,56,9.6,0.0
S01,2025-05-25 17:00:00,37.5,61,13.3,0.0
S01,2025-05-25 18:00:00,36.5,61,8.9,0.0
S01,2025-05-25 19:00:00,35.3,77,13.0,0.0
S01,2025-05-25 20:00:00,34.0,71,14.7,0.0
S01,2025-05-25 21:00:00,32.5,79,11.2,0.0
S01,2025-05-25 22:00:00,31.1,88,8.1,0.0
S01,2025-05-25 23:00:00,29.7,93,17.7,0.0
S01,2025-05-26 00:00:00,28.7,94,10.9,0.0
S01,2025-05-26 01:00:00,28.7,99,6.8,0.0
S01,2025-05-26 02:00:00,28.7,98,10.9,0.0
S01,2025-05-26 03:00:00,28.7,97,8.6,0.0
S01,2025-05-26 04:00:00,28.7,100,15.7,0.0
S01,2025-05-26 05:00:00,28.7,99,7.5,0.0
S01,2025-05-26 06:00:00,29.6,94,13.2,0.0
S01,2025-05-26 07:00:00,30.9,79,11.9,0.0
S01,2025-05-26 08:00:00,32.3,81,13.7,0.0
S01,2025-05-26 09:00:00,33.7,74,12.9,0.0
S01,2025-05-26 10:00:00,35.0,74,15.7,0.0
S01,2025-05-26 11:00:00,36.2,52,11.0,0.0
S01,2025-05-26 12:00:00,37.1,59,6.7,0.0
S01,2025-05-26 13:00:00,37.8,57,15.7,0.0
S01,2025-05-26 14:00:00,38.1,51,13.0,0.0
S01,2025-05-26 15:00:00,38.1,52,10.0,0.0
S01,2025-05-26 16:00:00,37.8,62,10.4,0.0
S01,2025-05-26 17:00:00,37.1,61,6.4,0.0
S01,2025-05-26 18:00:00,36.2,71,13.8,0.0
S01,2025-05-26 19:00:00,35.0,67,13.7,0.0
S01,2025-05-26 20:00:00,33.7,68,15.5,0.0
S01,2025-05-26 21:00:00,32.3,78,11.4,0.0
S01,2025-05-26 22:00:00,30.9,84,10.3,0.0
S01,2025-05-26 23:00:00,29.6,94,12.8,0.0
S01,2025-05-27 00:00:00,29.0,100,7.3,0.0
S01,2025-05-27 01:00:00,29.0,100,16.1,0.0
S01,2025-05-27 02:00:00,29.0,92,18.7,0.0
S01,2025-05-27 03:00:00,29.0,99,14.9,0.0
S01,2025-05-27 04:00:00,29.0,95,11.3,0.0
S01,2025-05-27 05:00:00,29.0,94,13.2,0.0
S01,2025-05-27 06:00:00,29.9,97,12.5,0.0
S01,2025-05-27 07:00:00,31.2,82,14.5,0.0
S01,2025-05-27 08:00:00,32.6,83,14.0,0.0
S01,2025-05-27 09:00:00,34.0,77,11.2,0.0
S01,2025-05-27 10:00:00,35.3,64,9.4,0.0
S01,2025-05-27 11:00:00,36.5,57,12.7,0.0
S01,2025-05-27 12:00:00,37.4,59,10.7,0.0
S01,2025-05-27 13:00:00,38.0,45,8.3,0.0
S01,2025-05-27 14:00:00,38.4,60,10.0,0.0
S01,2025-05-27 15:00:00,38.4,57,7.8,0.0
S01,2025-05-27 16:00:00,38.0,62,11.6,0.0
S01,2025-05-27 17:00:00,37.4,60,19.0,0.0
S01,2025-05-27 18:00:00,36.5,69,11.1,0.0
S01,2025-05-27 19:00:00,35.3,66,11.0,0.0
S01,2025-05-27 20:00:00,34.0,76,11.7,0.0
S01,2025-05-27 21:00:00,32.6,78,16.4,0.0
S01,2025-05-27 22:00:00,31.2,85,18.9,0.0
S01,2025-05-27 23:00:00,29.9,92,17.4,0.0
S01,2025-05-28 00:00:00,29.8,97,15.0,0.0
S01,2025-05-28 01:00:00,29.8,95,8.1,0.0
S01,2025-05-28 02:00:00,29.8,90,7.7,0.0
S01,2025-05-28 03:00:00,29.8,88,12.3,0.0
S01,2025-05-28 04:00:00,29.8,100,12.0,0.0
S01,2025-05-28 05:00:00,29.8,86,11.4,0.0
S01,2025-05-28 06:00:00,30.6,91,18.3,0.0
S01,2025-05-28 07:00:00,31.7,80,10.8,0.0
S01,2025-05-28 08:00:00,32.9,87,13.3,0.0
S01,2025-05-28 09:00:00,34.1,76,12.3,0.0
S01,2025-05-28 10:00:00,35.3,69,14.3,0.0
S01,2025-05-28 11:00:00,36.3,60,14.6,0.0
S01,2025-05-28 12:00:00,37.1,54,13.0,0.0
S01,2025-05-28 13:00:00,37.7,57,10.2,0.0
S01,2025-05-28 14:00:00,38.0,55,10.1,0.0
S01,2025-05-28 15:00:00,38.0,51,10.9,0.0
S01,2025-05-28 16:00:00,37.7,52,13.0,0.0
S01,2025-05-28 17:00:00,37.1,55,14.1,0.0
S01,2025-05-28 18:00:00,36.3,59,10.3,0.0
S01,2025-05-28 19:00:00,35.3,66,16.0,0.0
S01,2025-05-28 20:00:00,34.1,75,11.4,0.0
S01,2025-05-28 21:00:00,32.9,82,5.7,0.0
S01,2025-05-28 22:00:00,31.7,86,18.0,0.0
S01,2025-05-28 23:00:00,30.6,92,12.2,0.0
S01,2025-05-29 00:00:00,29.7,96,9.9,0.0
S01,2025-05-29 01:00:00,29.7,100,11.1,0.0
S01,2025-05-29 02:00:00,29.7,87,8.2,0.0
S01,2025-05-29 03:00:00,29.7,84,11.3,0.0
S01,2025-05-29 04:00:00,29.7,94,10.7,0.0
S01,2025-05-29 05:00:00,29.7,99,15.6,0.0
S01,2025-05-29 06:00:00,30.5,90,5.6,0.0
S01,2025-05-29 07:00:00,31.7,88,13.7,0.0
S01,2025-05-29 08:00:00,33.0,81,14.9,0.0
S01,2025-05-29 09:00:00,34.3,69,18.0,0.0
S01,2025-05-29 10:00:00,35.5,64,14.2,0.0
S01,2025-05-29 11:00:00,36.5,57,9.2,0.0
S01,2025-05-29 12:00:00,37.3,65,11.2,0.0
S01,2025-05-29 13:00:00,37.9,60,12.7,0.0
S01,2025-05-29 14:00:00,38.2,55,16.1,0.0
S01,2025-05-29 15:00:00,38.2,54,6.7,0.0
S01,2025-05-29 16:00:00,37.9,53,13.7,0.0
S01,2025-05-29 17:00:00,37.3,61,7.3,0.0
S01,2025-05-29 18:00:00,36.5,60,10.3,0.0
S01,2025-05-29 19:00:00,35.5,67,7.9,0.0
S01,2025-05-29 20:00:00,34.3,71,9.8,0.0
S01,2025-05-29 21:00:00,33.0,83,14.4,0.0
S01,2025-05-29 22:00:00,31.7,85,10.8,0.0
S01,2025-05-29 23:00:00,30.5,92,9.6,0.0
S01,2025-05-30 00:00:00,28.2,96,14.2,0.0
S01,2025-05-30 01:00:00,28.2,89,12.1,0.0
S01,2025-05-30 02:00:00,28.2,94,13.0,0.0
S01,2025-05-30 03:00:00,28.2,95,7.6,0.0
S01,2025-05-30 04:00:00,28.2,90,12.1,0.0
S01,2025-05-30 05:00:00,28.2,99,5.4,0.0
S01,2025-05-30 06:00:00,29.0,93,15.6,0.0
S01,2025-05-30 07:00:00,30.0,85,13.7,0.0
S01,2025-05-30 08:00:00,31.2,77,11.6,0.0
S01,2025-05-30 09:00:00,32.3,67,5.0,0.0
S01,2025-05-30 10:00:00,33.4,72,9.0,0.0
S01,2025-05-30 11:00:00,34.3,61,7.8,0.0
S01,2025-05-30 12:00:00,35.1,54,11.5,0.0
S01,2025-05-30 13:00:00,35.6,54,13.1,0.0
S01,2025-05-30 14:00:00,35.9,57,13.0,0.0
S01,2025-05-30 15:00:00,35.9,56,16.7,0.0
S01,2025-05-30 16:00:00,35.6,52,11.8,0.0
S01,2025-05-30 17:00:00,35.1,64,15.8,0.0
S01,2025-05-30 18:00:00,34.3,58,11.1,0.0
S01,2025-05-30 19:00:00,33.4,74,13.5,0.0
S01,2025-05-30 20:00:00,32.3,75,11.3,0.0
S01,2025-05-30 21:00:00,31.2,78,12.9,0.0
S01,2025-05-30 22:00:00,30.0,85,11.9,0.0
S01,2025-05-30 23:00:00,29.0,91,10.0,0.0
S02,2025-05-01 00:00:00,24.3,77,10.7,0.0
S02,2025-05-01 01:00:00,24.3,80,11.3,0.0
S02,2025-05-01 02:00:00,24.3,85,9.6,0.0
S02,2025-05-01 03:00:00,24.3,85,2.0,0.0
S02,2025-05-01 04:00:00,24.3,86,10.1,0.0
S02,2025-05-01 05:00:00,24.3,84,5.3,0.0
S02,2025-05-01 06:00:00,25.2,74,9.4,0.0
S02,2025-05-01 07:00:00,26.5,74,9.8,0.0
S02,2025-05-01 08:00:00,27.9,75,3.7,0.0
S02,2025-05-01 09:00:00,29.3,71,9.0,0.0
S02,2025-05-01 10:00:00,30.6,62,4.6,0.0
S02,2025-05-01 11:00:00,31.7,62,1.8,0.0
S02,2025-05-01 12:00:00,32.6,60,4.5,0.0
S02,2025-05-01 13:00:00,33.3,56,8.6,0.0
S02,2025-05-01 14:00:00,33.6,60,8.5,0.0
S02,2025-05-01 15:00:00,33.6,52,7.5,0.0
S02,2025-05-01 16:00:00,33.3,61,10.6,0.0
S02,2025-05-01 17:00:00,32.6,56,8.3,0.0
S02,2025-05-01 18:00:00,31.7,54,10.2,0.0
S02,2025-05-01 19:00:00,30.6,56,11.3,0.0
S02,2025-05-01 20:00:00,29.3,67,16.2,0.0
S02,2025-05-01 21:00:00,27.9,66,8.7,0.0
S02,2025-05-01 22:00:00,26.5,81,12.6,0.0
S02,2025-05-01 23:00:00,25.2,75,9.7,0.0
S02,2025-05-02 00:00:00,22.2,74,9.4,0.0
S02,2025-05-02 01:00:00,22.2,82,8.3,0.0
S02,2025-05-02 02:00:00,22.2,74,12.0,0.0
S02,2025-05-02 03:00:00,22.2,81,6.8,0.0
S02,2025-05-02 04:00:00,22.2,79,4.5,0.0
S02,2025-05-02 05:00:00,22.2,76,7.4,0.0
S02,2025-05-02 06:00:00,23.3,83,7.1,0.0
S02,2025-05-02 07:00:00,24.7,77,7.4,0.0
S02,2025-05-02 08:00:00,26.3,71,8.6,0.0
S02,2025-05-02 09:00:00,27.9,70,7.4,0.0
S02,2025-05-02 10:00:00,29.5,57,4.9,0.0
S02,2025-05-02 11:00:00,30.8,58,5.3,0.0
S02,2025-05-02 12:00:00,31.8,59,7.6,0.0
S02,2025-05-02 13:00:00,32.6,65,3.8,0.0
S02,2025-05-02 14:00:00,33.0,56,5.6,0.0
S02,2025-05-02 15:00:00,33.0,53,9.4,0.0
S02,2025-05-02 16:00:00,32.6,47,9.7,0.0
S02,2025-05-02 17:00:00,31.8,65,7.6,0.0
S02,2025-05-02 18:00:00,30.8,61,12.1,0.0
S02,2025-05-02 19:00:00,29.5,63,7.3,0.0
S02,2025-05-02 20:00:00,27.9,58,10.9,0.0
S02,2025-05-02 21:00:00,26.3,70,6.0,0.0
S02,2025-05-02 22:00:00,24.7,75,7.2,0.0
S02,2025-05-02 23:00:00,23.3,75,10.8,0.0
S02,2025-05-03 00:00:00,22.8,78,9.2,0.0
S02,2025-05-03 01:00:00,22.8,80,8.7,0.0
S02,2025-05-03 02:00:00,22.8,80,8.4,0.0
S02,2025-05-03 03:00:00,22.8,74,7.5,0.0
S02,2025-05-03 04:00:00,22.8,84,4.9,0.0
S02,2025-05-03 05:00:00,22.8,79,6.5,0.0
S02,2025-05-03 06:00:00,23.7,78,7.8,0.0
S02,2025-05-03 07:00:00,24.8,80,10.5,0.0
S02,2025-05-03 08:00:00,24.4,72,15.1,3.4
S02,2025-05-03 09:00:00,25.4,64,7.3,0.0
S02,2025-05-03 10:00:00,28.6,64,7.5,0.0
S02,2025-05-03 11:00:00,29.6,64,6.7,0.0
S02,2025-05-03 12:00:00,30.5,55,7.0,0.0
S02,2025-05-03 13:00:00,31.1,54,12.3,0.0
S02,2025-05-03 14:00:00,31.4,58,14.1,0.0
S02,2025-05-03 15:00:00,26.4,100,40.2,28.6
S02,2025-05-03 16:00:00,29.1,56,5.5,0.0
S02,2025-05-03 17:00:00,30.5,55,7.1,0.0
S02,2025-05-03 18:00:00,29.6,56,5.8,0.0
S02,2025-05-03 19:00:00,28.6,63,5.3,0.0
S02,2025-05-03 20:00:00,27.4,70,6.2,0.0
S02,2025-05-03 21:00:00,26.1,82,7.6,0.0
S02,2025-05-03 22:00:00,24.8,74,5.1,0.0
S02,2025-05-03 23:00:00,23.7,84,12.4,0.0
S02,2025-05-04 00:00:00,20.9,86,11.4,0.0
S02,2025-05-04 01:00:00,20.9,80,1.7,0.0
S02,2025-05-04 02:00:00,20.9,76,11.1,0.0
S02,2025-05-04 03:00:00,20.9,85,12.3,0.0
S02,2025-05-04 04:00:00,20.9,74,9.9,0.0
S02,2025-05-04 05:00:00,20.9,84,4.0,0.0
S02,2025-05-04 06:00:00,22.1,78,9.8,0.0
S02,2025-05-04 07:00:00,23.8,73,3.4,0.0
S02,2025-05-04 08:00:00,25.7,69,8.0,0.0
S02,2025-05-04 09:00:00,27.5,66,7.3,0.0
S02,2025-05-04 10:00:00,29.3,61,8.9,0.0
S02,2025-05-04 11:00:00,30.8,62,8.1,0.0
S02,2025-05-04 12:00:00,32.0,56,9.3,0.0
S02,2025-05-04 13:00:00,32.9,48,10.4,0.0
S02,2025-05-04 14:00:00,33.3,55,9.1,0.0
S02,2025-05-04 15:00:00,33.3,59,3.1,0.0
S02,2025-05-04 16:00:00,32.9,48,9.8,0.0
S02,2025-05-04 17:00:00,32.0,58,9.5,0.0
S02,2025-05-04 18:00:00,30.8,58,11.0,0.0
S02,2025-05-04 19:00:00,29.3,67,10.5,0.0
S02,2025-05-04 20:00:00,27.5,66,2.7,0.0
S02,2025-05-04 21:00:00,25.7,74,12.7,0.0
S02,2025-05-04 22:00:00,23.8,77,6.4,0.0
S02,2025-05-04 23:00:00,22.1,80,11.6,0.0
S02,2025-05-05 00:00:00,21.3,80,5.6,0.0
S02,2025-05-05 01:00:00,21.3,82,10.7,0.0
S02,2025-05-05 02:00:00,21.3,80,9.7,0.0
S02,2025-05-05 03:00:00,21.3,79,13.4,0.0
S02,2025-05-05 04:00:00,21.3,76,7.2,0.0
S02,2025-05-05 05:00:00,21.3,80,11.6,0.0
S02,2025-05-05 06:00:00,22.6,72,5.1,0.0
S02,2025-05-05 07:00:00,24.4,66,9.1,0.0
S02,2025-05-05 08:00:00,26.5,66,7.8,0.0
S02,2025-05-05 09:00:00,28.5,69,7.1,0.0
S02,2025-05-05 10:00:00,30.4,64,8.1,0.0
S02,2025-05-05 11:00:00,32.1,63,10.4,0.0
S02,2025-05-05 12:00:00,33.4,55,8.5,0.0
S02,2025-05-05 13:00:00,34.3,60,10.2,0.0
S02,2025-05-05 14:00:00,34.8,50,11.0,0.0
S02,2025-05-05 15:00:00,34.8,51,13.2,0.0
S02,2025-05-05 16:00:00,34.3,60,9.9,0.0
S02,2025-05-05 17:00:00,33.4,58,8.4,0.0
S02,2025-05-05 18:00:00,32.1,63,7.9,0.0
S02,2025-05-05 19:00:00,30.4,64,11.6,0.0
S02,2025-05-05 20:00:00,28.5,64,7.2,0.0
S02,2025-05-05 21:00:00,26.5,66,5.8,0.0
S02,2025-05-05 22:00:00,24.4,67,11.2,0.0
S02,2025-05-05 23:00:00,22.6,85,13.3,0.0
S02,2025-05-06 00:00:00,22.6,80,3.0,0.0
S02,2025-05-06 01:00:00,22.6,81,5.8,0.0
S02,2025-05-06 02:00:00,22.6,81,4.3,0.0
S02,2025-05-06 03:00:00,22.6,82,12.1,0.0
S02,2025-05-06 04:00:00,22.6,77,5.6,0.0
S02,2025-05-06 05:00:00,22.6,71,8.2,0.0
S02,2025-05-06 06:00:00,23.4,75,4.3,0.0
S02,2025-05-06 07:00:00,24.5,76,7.7,0.0
S02,2025-05-06 08:00:00,25.8,66,7.3,0.0
S02,2025-05-06 09:00:00,27.1,71,10.8,0.0
S02,2025-05-06 10:00:00,28.3,63,10.9,0.0
S02,2025-05-06 11:00:00,29.3,56,9.1,0.0
S02,2025-05-06 12:00:00,30.1,58,7.6,0.0
S02,2025-05-06 13:00:00,30.7,58,6.7,0.0
S02,2025-05-06 14:00:00,31.0,57,10.7,0.0
S02,2025-05-06 15:00:00,31.0,43,12.6,0.0
S02,2025-05-06 16:00:00,30.7,44,7.2,0.0
S02,2025-05-06 17:00:00,30.1,62,8.0,0.0
S02,2025-05-06 18:00:00,29.3,54,5.7,0.0
S02,2025-05-06 19:00:00,28.3,67,3.2,0.0
S02,2025-05-06 20:00:00,27.1,71,8.8,0.0
S02,2025-05-06 21:00:00,25.8,66,7.3,0.0
S02,2025-05-06 22:00:00,24.5,70,11.6,0.0
S02,2025-05-06 23:00:00,23.4,81,3.8,0.0
S02,2025-05-07 00:00:00,21.3,86,8.9,0.0
S02,2025-05-07 01:00:00,21.3,75,7.0,0.0
S02,2025-05-07 02:00:00,21.3,77,5.2,0.0
S02,2025-05-07 03:00:00,21.3,80,5.3,0.0
S02,2025-05-07 04:00:00,21.3,71,7.9,0.0
S02,2025-05-07 05:00:00,21.3,73,6.7,0.0
S02,2025-05-07 06:00:00,22.4,74,6.4,0.0
S02,2025-05-07 07:00:00,23.9,82,9.2,0.0
S02,2025-05-07 08:00:00,25.6,71,3.7,0.0
S02,2025-05-07 09:00:00,27.3,64,9.6,0.0
S02,2025-05-07 10:00:00,28.8,59,11.7,0.0
S02,2025-05-07 11:00:00,30.2,55,8.1,0.0
S02,2025-05-07 12:00:00,31.3,55,9.5,0.0
S02,2025-05-07 13:00:00,32.1,53,8.2,0.0
S02,2025-05-07 14:00:00,32.5,54,6.8,0.0
S02,2025-05-07 15:00:00,32.5,57,9.7,0.0
S02,2025-05-07 16:00:00,32.1,56,7.7,0.0
S02,2025-05-07 17:00:00,31.3,61,8.3,0.0
S02,2025-05-07 18:00:00,30.2,59,9.3,0.0
S02,2025-05-07 19:00:00,28.8,70,5.0,0.0
S02,2025-05-07 20:00:00,27.3,70,3.3,0.0
S02,2025-05-07 21:00:00,25.6,71,13.7,0.0
S02,2025-05-07 22:00:00,23.9,76,9.5,0.0
S02,2025-05-07 23:00:00,22.4,75,9.1,0.0
S02,2025-05-08 00:00:00,21.4,82,10.6,0.0
S02,2025-05-08 01:00:00,21.4,81,11.9,0.0
S02,2025-05-08 02:00:00,21.4,80,10.2,0.0
S02,2025-05-08 03:00:00,21.4,81,8.7,0.0
S02,2025-05-08 04:00:00,21.4,78,15.6,0.0
S02,2025-05-08 05:00:00,21.4,78,7.0,0.0
S02,2025-05-08 06:00:00,22.5,79,9.8,0.0
S02,2025-05-08 07:00:00,24.0,69,12.4,0.0
S02,2025-05-08 08:00:00,25.7,70,5.7,0.0
S02,2025-05-08 09:00:00,27.4,71,10.9,0.0
S02,2025-05-08 10:00:00,29.0,58,14.3,0.0
S02,2025-05-08 11:00:00,30.4,63,9.0,0.0
S02,2025-05-08 12:00:00,31.5,64,9.5,0.0
S02,2025-05-08 13:00:00,32.2,56,7.0,0.0
S02,2025-05-08 14:00:00,30.5,69,17.3,5.7
S02,2025-05-08 15:00:00,31.2,60,9.4,2.3
S02,2025-05-08 16:00:00,30.2,57,8.8,0.0
S02,2025-05-08 17:00:00,31.5,52,4.6,0.0
S02,2025-05-08 18:00:00,30.4,62,1.2,0.0
S02,2025-05-08 19:00:00,29.0,64,7.6,0.0
S02,2025-05-08 20:00:00,27.4,72,7.5,0.0
S02,2025-05-08 21:00:00,25.7,73,7.8,0.0
S02,2025-05-08 22:00:00,24.0,75,11.2,0.0
S02,2025-05-08 23:00:00,22.5,76,12.0,0.0
S02,2025-05-09 00:00:00,22.2,88,6.7,0.0
S02,2025-05-09 01:00:00,22.2,74,6.0,0.0
S02,2025-05-09 02:00:00,22.2,83,10.5,0.0
S02,2025-05-09 03:00:00,22.2,80,5.6,0.0
S02,2025-05-09 04:00:00,22.2,83,5.3,0.0
S02,2025-05-09 05:00:00,22.2,85,17.6,0.0
S02,2025-05-09 06:00:00,23.2,79,10.7,0.0
S02,2025-05-09 07:00:00,24.5,72,3.6,0.0
S02,2025-05-09 08:00:00,25.9,68,5.7,0.0
S02,2025-05-09 09:00:00,27.3,61,14.2,0.0
S02,2025-05-09 10:00:00,28.7,64,10.1,0.0
S02,2025-05-09 11:00:00,29.8,59,8.5,0.0
S02,2025-05-09 12:00:00,30.8,62,8.9,0.0
S02,2025-05-09 13:00:00,31.4,58,8.4,0.0
S02,2025-05-09 14:00:00,31.8,54,4.8,0.0
S02,2025-05-09 15:00:00,31.8,47,8.2,0.0
S02,2025-05-09 16:00:00,31.4,56,5.1,0.0
S02,2025-05-09 17:00:00,30.8,58,9.2,0.0
S02,2025-05-09 18:00:00,29.8,52,6.3,0.0
S02,2025-05-09 19:00:00,28.7,65,10.2,0.0
S02,2025-05-09 20:00:00,27.3,62,9.5,0.0
S02,2025-05-09 21:00:00,25.9,75,11.3,0.0
S02,2025-05-09 22:00:00,24.5,74,7.6,0.0
S02,2025-05-09 23:00:00,23.2,75,10.4,0.0
S02,2025-05-10 00:00:00,22.5,80,11.4,0.0
S02,2025-05-10 01:00:00,22.5,83,6.6,0.0
S02,2025-05-10 02:00:00,22.5,73,13.6,0.0
S02,2025-05-10 03:00:00,22.5,81,3.9,0.0
S02,2025-05-10 04:00:00,22.5,77,11.3,0.0
S02,2025-05-10 05:00:00,22.5,79,7.5,0.0
S02,2025-05-10 06:00:00,23.5,83,5.9,0.0
S02,2025-05-10 07:00:00,25.0,71,9.6,0.0
S02,2025-05-10 08:00:00,26.6,72,10.5,0.0
S02,2025-05-10 09:00:00,28.2,70,9.6,0.0
S02,2025-05-10 10:00:00,29.7,65,8.2,0.0
S02,2025-05-10 11:00:00,31.0,60,9.3,0.0
S02,2025-05-10 12:00:00,32.1,59,11.3,0.0
S02,2025-05-10 13:00:00,32.8,58,9.1,0.0
S02,2025-05-10 14:00:00,33.2,52,9.2,0.0
S02,2025-05-10 15:00:00,33.2,55,9.6,0.0
S02,2025-05-10 16:00:00,32.8,65,7.4,0.0
S02,2025-05-10 17:00:00,32.1,59,12.2,0.0
S02,2025-05-10 18:00:00,31.0,61,16.0,0.0
S02,2025-05-10 19:00:00,29.7,62,10.0,0.0
S02,2025-05-10 20:00:00,28.2,64,7.9,0.0
S02,2025-05-10 21:00:00,26.6,71,11.5,0.0
S02,2025-05-10 22:00:00,25.0,75,12.8,0.0
S02,2025-05-10 23:00:00,23.5,77,8.0,0.0
S02,2025-05-11 00:00:00,22.3,84,7.9,0.0
S02,2025-05-11 01:00:00,22.3,81,8.8,0.0
S02,2025-05-11 02:00:00,22.3,83,6.5,0.0
S02,2025-05-11 03:00:00,22.3,76,9.7,0.0
S02,2025-05-11 04:00:00,22.3,82,10.0,0.0
S02,2025-05-11 05:00:00,22.3,77,11.0,0.0
S02,2025-05-11 06:00:00,23.6,75,7.4,0.0
S02,2025-05-11 07:00:00,25.5,70,12.9,0.0
S02,2025-05-11 08:00:00,27.6,73,10.8,0.0
S02,2025-05-11 09:00:00,29.7,72,17.4,0.0
S02,2025-05-11 10:00:00,30.1,62,9.9,2.6
S02,2025-05-11 11:00:00,31.4,58,6.4,0.0
S02,2025-05-11 12:00:00,34.7,53,8.1,0.0
S02,2025-05-11 13:00:00,35.7,51,10.0,0.0
S02,2025-05-11 14:00:00,36.2,55,10.4,0.0
S02,2025-05-11 15:00:00,36.2,57,10.8,0.0
S02,2025-05-11 16:00:00,35.7,54,15.4,0.0
S02,2025-05-11 17:00:00,34.7,59,3.4,0.0
S02,2025-05-11 18:00:00,33.4,56,3.8,0.0
S02,2025-05-11 19:00:00,31.7,63,8.6,0.0
S02,2025-05-11 20:00:00,29.7,65,15.0,0.0
S02,2025-05-11 21:00:00,27.6,73,11.2,0.0
S02,2025-05-11 22:00:00,25.5,70,6.0,0.0
S02,2025-05-11 23:00:00,23.6,78,9.5,0.0
S02,2025-05-12 00:00:00,21.9,77,7.4,0.0
S02,2025-05-12 01:00:00,21.9,79,9.3,0.0
S02,2025-05-12 02:00:00,21.9,82,12.2,0.0
S02,2025-05-12 03:00:00,21.9,79,7.6,0.0
S02,2025-05-12 04:00:00,21.9,82,10.8,0.0
S02,2025-05-12 05:00:00,21.9,78,11.4,0.0
S02,2025-05-12 06:00:00,22.7,82,12.9,0.0
S02,2025-05-12 07:00:00,23.9,81,6.4,0.0
S02,2025-05-12 08:00:00,25.3,71,9.0,0.0
S02,2025-05-12 09:00:00,26.6,66,7.1,0.0
S02,2025-05-12 10:00:00,27.8,57,9.3,0.0
S02,2025-05-12 11:00:00,28.9,57,9.3,0.0
S02,2025-05-12 12:00:00,29.8,55,5.7,0.0
S02,2025-05-12 13:00:00,30.4,57,9.5,0.0
S02,2025-05-12 14:00:00,30.7,57,15.6,0.0
S02,2025-05-12 15:00:00,30.7,56,10.5,0.0
S02,2025-05-12 16:00:00,30.4,52,5.1,0.0
S02,2025-05-12 17:00:00,29.8,64,6.2,0.0
S02,2025-05-12 18:00:00,28.9,56,8.9,0.0
S02,2025-05-12 19:00:00,27.8,63,6.3,0.0
S02,2025-05-12 20:00:00,26.6,66,12.7,0.0
S02,2025-05-12 21:00:00,25.3,67,4.8,0.0
S02,2025-05-12 22:00:00,23.9,78,10.5,0.0
S02,2025-05-12 23:00:00,22.7,75,4.3,0.0
S02,2025-05-13 00:00:00,22.0,80,11.0,0.0
S02,2025-05-13 01:00:00,22.0,70,12.1,0.0
S02,2025-05-13 02:00:00,22.0,75,10.0,0.0
S02,2025-05-13 03:00:00,22.0,81,12.3,0.0
S02,2025-05-13 04:00:00,22.0,82,1.9,0.0
S02,2025-05-13 05:00:00,22.0,77,9.4,0.0
S02,2025-05-13 06:00:00,22.9,77,10.4,0.0
S02,2025-05-13 07:00:00,24.3,77,10.8,0.0
S02,2025-05-13 08:00:00,25.8,70,3.5,0.0
S02,2025-05-13 09:00:00,27.3,65,10.2,0.0
S02,2025-05-13 10:00:00,28.8,59,10.9,0.0
S02,2025-05-13 11:00:00,30.0,64,9.4,0.0
S02,2025-05-13 12:00:00,31.0,45,5.2,0.0
S02,2025-05-13 13:00:00,31.7,64,7.4,0.0
S02,2025-05-13 14:00:00,32.1,47,12.7,0.0
S02,2025-05-13 15:00:00,32.1,55,12.3,0.0
S02,2025-05-13 16:00:00,31.7,57,10.4,0.0
S02,2025-05-13 17:00:00,31.0,59,11.1,0.0
S02,2025-05-13 18:00:00,30.0,69,11.9,0.0
S02,2025-05-13 19:00:00,28.8,57,10.3,0.0
S02,2025-05-13 20:00:00,27.3,71,12.6,0.0
S02,2025-05-13 21:00:00,25.8,69,12.5,0.0
S02,2025-05-13 22:00:00,24.3,78,16.7,0.0
S02,2025-05-13 23:00:00,22.9,75,7.5,0.0
S02,2025-05-14 00:00:00,21.6,78,10.1,0.0
S02,2025-05-14 01:00:00,21.6,78,14.8,0.0
S02,2025-05-14 02:00:00,21.6,80,12.9,0.0
S02,2025-05-14 03:00:00,21.6,81,11.5,0.0
S02,2025-05-14 04:00:00,21.6,81,13.1,0.0
S02,2025-05-14 05:00:00,21.6,80,10.5,0.0
S02,2025-05-14 06:00:00,22.7,79,8.1,0.0
S02,2025-05-14 07:00:00,24.2,76,15.7,0.0
S02,2025-05-14 08:00:00,25.8,69,10.3,0.0
S02,2025-05-14 09:00:00,27.5,72,12.4,0.0
S02,2025-05-14 10:00:00,29.0,63,1.8,0.0
S02,2025-05-14 11:00:00,30.4,62,2.3,0.0
S02,2025-05-14 12:00:00,31.4,64,9.5,0.0
S02,2025-05-14 13:00:00,32.2,60,6.3,0.0
S02,2025-05-14 14:00:00,32.6,49,9.8,0.0
S02,2025-05-14 15:00:00,32.6,55,7.5,0.0
S02,2025-05-14 16:00:00,32.2,56,17.3,0.0
S02,2025-05-14 17:00:00,31.4,61,12.1,0.0
S02,2025-05-14 18:00:00,30.4,64,13.4,0.0
S02,2025-05-14 19:00:00,29.0,62,2.8,0.0
S02,2025-05-14 20:00:00,27.5,66,11.4,0.0
S02,2025-05-14 21:00:00,25.8,67,8.5,0.0
S02,2025-05-14 22:00:00,24.2,71,13.5,0.0
S02,2025-05-14 23:00:00,22.7,81,11.0,0.0
S02,2025-05-15 00:00:00,22.0,71,9.5,0.0
S02,2025-05-15 01:00:00,22.0,81,12.6,0.0
S02,2025-05-15 02:00:00,22.0,86,13.7,0.0
S02,2025-05-15 03:00:00,22.0,76,7.9,0.0
S02,2025-05-15 04:00:00,22.0,82,16.6,0.0
S02,2025-05-15 05:00:00,22.0,86,12.4,0.0
S02,2025-05-15 06:00:00,23.1,76,6.4,0.0
S02,2025-05-15 07:00:00,24.7,77,5.7,0.0
S02,2025-05-15 08:00:00,26.5,70,8.7,0.0
S02,2025-05-15 09:00:00,28.2,73,7.9,0.0
S02,2025-05-15 10:00:00,29.9,53,10.5,0.0
S02,2025-05-15 11:00:00,31.3,57,9.1,0.0
S02,2025-05-15 12:00:00,32.5,57,8.2,0.0
S02,2025-05-15 13:00:00,33.3,59,4.4,0.0
S02,2025-05-15 14:00:00,33.7,53,11.1,0.0
S02,2025-05-15 15:00:00,33.7,53,4.2,0.0
S02,2025-05-15 16:00:00,33.3,59,12.4,0.0
S02,2025-05-15 17:00:00,32.5,58,3.1,0.0
S02,2025-05-15 18:00:00,31.3,63,4.0,0.0
S02,2025-05-15 19:00:00,29.9,64,6.3,0.0
S02,2025-05-15 20:00:00,28.2,62,7.7,0.0
S02,2025-05-15 21:00:00,26.5,70,7.1,0.0
S02,2025-05-15 22:00:00,24.7,77,7.7,0.0
S02,2025-05-15 23:00:00,23.1,82,9.8,0.0
S02,2025-05-16 00:00:00,21.3,78,6.3,0.0
S02,2025-05-16 01:00:00,21.3,86,3.9,0.0
S02,2025-05-16 02:00:00,21.3,74,12.3,0.0
S02,2025-05-16 03:00:00,21.3,85,6.8,0.0
S02,2025-05-16 04:00:00,21.3,77,10.8,0.0
S02,2025-05-16 05:00:00,21.3,71,3.4,0.0
S02,2025-05-16 06:00:00,22.3,76,13.6,0.0
S02,2025-05-16 07:00:00,23.8,72,9.3,0.0
S02,2025-05-16 08:00:00,25.4,75,15.3,0.0
S02,2025-05-16 09:00:00,27.1,64,8.9,0.0
S02,2025-05-16 10:00:00,28.6,71,4.4,0.0
S02,2025-05-16 11:00:00,29.9,64,5.9,0.0
S02,2025-05-16 12:00:00,31.0,58,8.3,0.0
S02,2025-05-16 13:00:00,31.7,52,6.1,0.0
S02,2025-05-16 14:00:00,29.7,71,20.7,7.3
S02,2025-05-16 15:00:00,30.1,55,9.2,0.0
S02,2025-05-16 16:00:00,31.7,58,6.1,0.0
S02,2025-05-16 17:00:00,31.0,61,11.5,0.0
S02,2025-05-16 18:00:00,29.9,71,7.9,0.0
S02,2025-05-16 19:00:00,28.6,61,11.3,0.0
S02,2025-05-16 20:00:00,27.1,70,7.4,0.0
S02,2025-05-16 21:00:00,25.4,69,10.6,0.0
S02,2025-05-16 22:00:00,23.8,71,7.8,0.0
S02,2025-05-16 23:00:00,22.3,78,12.0,0.0
S02,2025-05-17 00:00:00,20.5,75,6.9,0.0
S02,2025-05-17 01:00:00,20.5,77,7.7,0.0
S02,2025-05-17 02:00:00,20.5,85,11.0,0.0
S02,2025-05-17 03:00:00,20.5,80,7.6,0.0
S02,2025-05-17 04:00:00,20.5,78,10.0,0.0
S02,2025-05-17 05:00:00,20.5,82,6.3,0.0
S02,2025-05-17 06:00:00,21.7,78,2.9,0.0
S02,2025-05-17 07:00:00,23.2,75,11.3,0.0
S02,2025-05-17 08:00:00,25.0,69,14.4,0.0
S02,2025-05-17 09:00:00,26.8,63,9.7,0.0
S02,2025-05-17 10:00:00,28.4,63,8.7,0.0
S02,2025-05-17 11:00:00,29.9,60,9.3,0.0
S02,2025-05-17 12:00:00,31.0,61,13.1,0.0
S02,2025-05-17 13:00:00,31.8,56,11.4,0.0
S02,2025-05-17 14:00:00,32.2,52,11.3,0.0
S02,2025-05-17 15:00:00,32.2,52,12.3,0.0
S02,2025-05-17 16:00:00,30.0,73,13.6,4.1
S02,2025-05-17 17:00:00,29.0,49,7.4,0.0
S02,2025-05-17 18:00:00,29.9,65,10.7,0.0
S02,2025-05-17 19:00:00,28.4,64,12.0,0.0
S02,2025-05-17 20:00:00,26.8,69,12.7,0.0
S02,2025-05-17 21:00:00,25.0,74,13.6,0.0
S02,2025-05-17 22:00:00,23.2,76,11.7,0.0
S02,2025-05-17 23:00:00,21.7,76,7.2,0.0
S02,2025-05-18 00:00:00,22.2,86,10.7,0.0
S02,2025-05-18 01:00:00,22.2,73,8.4,0.0
S02,2025-05-18 02:00:00,22.2,87,8.4,0.0
S02,2025-05-18 03:00:00,22.2,73,14.7,0.0
S02,2025-05-18 04:00:00,22.2,83,8.8,0.0
S02,2025-05-18 05:00:00,22.2,79,12.2,0.0
S02,2025-05-18 06:00:00,23.4,75,12.4,0.0
S02,2025-05-18 07:00:00,25.2,76,9.7,0.0
S02,2025-05-18 08:00:00,27.1,71,8.5,0.0
S02,2025-05-18 09:00:00,29.0,71,6.4,0.0
S02,2025-05-18 10:00:00,29.2,63,14.6,3.1
S02,2025-05-18 11:00:00,30.4,63,10.4,0.0
S02,2025-05-18 12:00:00,33.7,59,8.0,0.0
S02,2025-05-18 13:00:00,34.5,59,8.9,0.0
S02,2025-05-18 14:00:00,35.0,53,8.1,0.0
S02,2025-05-18 15:00:00,35.0,63,3.8,0.0
S02,2025-05-18 16:00:00,34.5,58,4.0,0.0
S02,2025-05-18 17:00:00,33.7,57,7.7,0.0
S02,2025-05-18 18:00:00,32.4,52,10.2,0.0
S02,2025-05-18 19:00:00,30.8,62,2.7,0.0
S02,2025-05-18 20:00:00,29.0,70,13.3,0.0
S02,2025-05-18 21:00:00,27.1,76,10.1,0.0
S02,2025-05-18 22:00:00,25.2,74,13.0,0.0
S02,2025-05-18 23:00:00,23.4,84,12.4,0.0
S02,2025-05-19 00:00:00,22.2,82,15.8,0.0
S02,2025-05-19 01:00:00,22.2,83,13.4,0.0
S02,2025-05-19 02:00:00,22.2,81,8.8,0.0
S02,2025-05-19 03:00:00,22.2,82,6.6,0.0
S02,2025-05-19 04:00:00,22.2,76,12.8,0.0
S02,2025-05-19 05:00:00,22.2,85,6.0,0.0
S02,2025-05-19 06:00:00,23.1,81,8.7,0.0
S02,2025-05-19 07:00:00,24.4,76,10.4,0.0
S02,2025-05-19 08:00:00,25.9,74,9.2,0.0
S02,2025-05-19 09:00:00,27.3,72,9.9,0.0
S02,2025-05-19 10:00:00,28.7,66,6.5,0.0
S02,2025-05-19 11:00:00,29.9,69,10.4,0.0
S02,2025-05-19 12:00:00,30.8,61,4.2,0.0
S02,2025-05-19 13:00:00,31.5,53,12.7,0.0
S02,2025-05-19 14:00:00,31.8,56,3.3,0.0
S02,2025-05-19 15:00:00,31.8,59,7.4,0.0
S02,2025-05-19 16:00:00,31.5,62,8.7,0.0
S02,2025-05-19 17:00:00,30.8,59,12.5,0.0
S02,2025-05-19 18:00:00,29.9,57,6.0,0.0
S02,2025-05-19 19:00:00,28.7,62,11.5,0.0
S02,2025-05-19 20:00:00,27.3,61,4.0,0.0
S02,2025-05-19 21:00:00,25.9,74,7.2,0.0
S02,2025-05-19 22:00:00,24.4,73,3.4,0.0
S02,2025-05-19 23:00:00,23.1,75,9.0,0.0
S02,2025-05-20 00:00:00,21.4,77,13.6,0.0
S02,2025-05-20 01:00:00,21.4,81,7.3,0.0
S02,2025-05-20 02:00:00,21.4,79,13.1,0.0
S02,2025-05-20 03:00:00,21.4,86,6.5,0.0
S02,2025-05-20 04:00:00,21.4,80,9.3,0.0
S02,2025-05-20 05:00:00,21.4,76,8.8,0.0
S02,2025-05-20 06:00:00,22.6,78,12.4,0.0
S02,2025-05-20 07:00:00,24.3,79,8.0,0.0
S02,2025-05-20 08:00:00,26.2,70,11.0,0.0
S02,2025-05-20 09:00:00,28.1,64,10.8,0.0
S02,2025-05-20 10:00:00,29.9,63,6.1,0.0
S02,2025-05-20 11:00:00,31.5,56,13.3,0.0
S02,2025-05-20 12:00:00,32.7,57,13.9,0.0
S02,2025-05-20 13:00:00,33.6,54,9.9,0.0
S02,2025-05-20 14:00:00,34.1,65,5.8,0.0
S02,2025-05-20 15:00:00,34.1,48,12.9,0.0
S02,2025-05-20 16:00:00,33.6,53,8.9,0.0
S02,2025-05-20 17:00:00,32.7,55,9.8,0.0
S02,2025-05-20 18:00:00,31.5,56,8.5,0.0
S02,2025-05-20 19:00:00,29.9,65,6.0,0.0
S02,2025-05-20 20:00:00,28.1,64,8.0,0.0
S02,2025-05-20 21:00:00,26.2,65,7.7,0.0
S02,2025-05-20 22:00:00,24.3,75,7.8,0.0
S02,2025-05-20 23:00:00,22.6,77,8.9,0.0
S02,2025-05-21 00:00:00,22.6,86,10.5,0.0
S02,2025-05-21 01:00:00,22.6,73,10.4,0.0
S02,2025-05-21 02:00:00,22.6,85,8.3,0.0
S02,2025-05-21 03:00:00,22.6,84,6.9,0.0
S02,2025-05-21 04:00:00,22.6,74,9.4,0.0
S02,2025-05-21 05:00:00,22.6,73,8.3,0.0
S02,2025-05-21 06:00:00,23.5,83,3.3,0.0
S02,2025-05-21 07:00:00,24.8,69,5.9,0.0
S02,2025-05-21 08:00:00,26.2,70,7.9,0.0
S02,2025-05-21 09:00:00,27.7,72,11.9,0.0
S02,2025-05-21 10:00:00,29.0,65,9.4,0.0
S02,2025-05-21 11:00:00,30.2,62,6.4,0.0
S02,2025-05-21 12:00:00,31.2,61,5.7,0.0
S02,2025-05-21 13:00:00,31.8,59,12.6,0.0
S02,2025-05-21 14:00:00,32.2,56,8.5,0.0
S02,2025-05-21 15:00:00,32.2,57,0.4,0.0
S02,2025-05-21 16:00:00,28.4,81,23.2,12.1
S02,2025-05-21 17:00:00,29.5,64,15.3,3.5
S02,2025-05-21 18:00:00,28.2,60,5.6,0.0
S02,2025-05-21 19:00:00,29.0,63,9.2,0.0
S02,2025-05-21 20:00:00,27.7,67,9.5,0.0
S02,2025-05-21 21:00:00,26.2,75,5.7,0.0
S02,2025-05-21 22:00:00,24.8,75,12.9,0.0
S02,2025-05-21 23:00:00,23.5,71,9.5,0.0
S02,2025-05-22 00:00:00,21.7,87,5.2,0.0
S02,2025-05-22 01:00:00,21.7,75,5.1,0.0
S02,2025-05-22 02:00:00,21.7,87,7.6,0.0
S02,2025-05-22 03:00:00,21.7,80,7.8,0.0
S02,2025-05-22 04:00:00,21.7,76,8.3,0.0
S02,2025-05-22 05:00:00,21.7,90,13.2,0.0
S02,2025-05-22 06:00:00,22.7,74,10.9,0.0
S02,2025-05-22 07:00:00,24.2,71,3.7,0.0
S02,2025-05-22 08:00:00,25.7,75,12.5,0.0
S02,2025-05-22 09:00:00,27.3,71,7.6,0.0
S02,2025-05-22 10:00:00,28.8,63,11.2,0.0
S02,2025-05-22 11:00:00,30.1,62,7.8,0.0
S02,2025-05-22 12:00:00,31.2,51,9.3,0.0
S02,2025-05-22 13:00:00,31.9,60,5.4,0.0
S02,2025-05-22 14:00:00,32.3,58,10.0,0.0
S02,2025-05-22 15:00:00,32.3,58,11.6,0.0
S02,2025-05-22 16:00:00,31.9,53,4.1,0.0
S02,2025-05-22 17:00:00,31.2,56,11.7,0.0
S02,2025-05-22 18:00:00,30.1,58,6.9,0.0
S02,2025-05-22 19:00:00,28.8,56,14.3,0.0
S02,2025-05-22 20:00:00,27.3,70,11.3,0.0
S02,2025-05-22 21:00:00,25.7,74,10.7,0.0
S02,2025-05-22 22:00:00,24.2,73,8.5,0.0
S02,2025-05-22 23:00:00,22.7,76,16.9,0.0
S02,2025-05-23 00:00:00,21.6,86,7.0,0.0
S02,2025-05-23 01:00:00,21.6,82,12.2,0.0
S02,2025-05-23 02:00:00,21.6,82,9.3,0.0
S02,2025-05-23 03:00:00,21.6,80,8.8,0.0
S02,2025-05-23 04:00:00,21.6,78,7.7,0.0
S02,2025-05-23 05:00:00,21.6,86,8.7,0.0
S02,2025-05-23 06:00:00,22.8,74,7.5,0.0
S02,2025-05-23 07:00:00,24.4,79,11.0,0.0
S02,2025-05-23 08:00:00,26.2,73,8.2,0.0
S02,2025-05-23 09:00:00,28.0,69,7.1,0.0
S02,2025-05-23 10:00:00,29.7,62,11.9,0.0
S02,2025-05-23 11:00:00,31.2,64,6.1,0.0
S02,2025-05-23 12:00:00,32.4,54,9.3,0.0
S02,2025-05-23 13:00:00,33.2,63,3.3,0.0
S02,2025-05-23 14:00:00,33.6,56,4.9,0.0
S02,2025-05-23 15:00:00,33.6,53,7.9,0.0
S02,2025-05-23 16:00:00,33.2,54,7.4,0.0
S02,2025-05-23 17:00:00,32.4,58,7.4,0.0
S02,2025-05-23 18:00:00,31.2,54,11.3,0.0
S02,2025-05-23 19:00:00,29.7,66,11.5,0.0
S02,2025-05-23 20:00:00,28.0,61,9.9,0.0
S02,2025-05-23 21:00:00,26.2,73,5.9,0.0
S02,2025-05-23 22:00:00,24.4,74,8.7,0.0
S02,2025-05-23 23:00:00,22.8,85,14.8,0.0
S02,2025-05-24 00:00:00,24.0,80,10.7,0.0
S02,2025-05-24 01:00:00,24.0,81,12.6,0.0
S02,2025-05-24 02:00:00,24.0,80,8.5,0.0
S02,2025-05-24 03:00:00,24.0,84,10.7,0.0
S02,2025-05-24 04:00:00,24.0,83,7.0,0.0
S02,2025-05-24 05:00:00,24.0,76,7.3,0.0
S02,2025-05-24 06:00:00,24.7,75,11.4,0.0
S02,2025-05-24 07:00:00,25.6,78,8.5,0.0
S02,2025-05-24 08:00:00,26.7,76,13.1,0.0
S02,2025-05-24 09:00:00,27.7,68,6.5,0.0
S02,2025-05-24 10:00:00,28.7,70,8.8,0.0
S02,2025-05-24 11:00:00,29.6,61,8.0,0.0
S02,2025-05-24 12:00:00,30.2,54,4.6,0.0
S02,2025-05-24 13:00:00,30.7,59,6.6,0.0
S02,2025-05-24 14:00:00,31.0,67,5.7,0.0
S02,2025-05-24 15:00:00,26.7,82,30.0,16.2
S02,2025-05-24 16:00:00,28.1,79,19.2,8.3
S02,2025-05-24 17:00:00,28.2,60,3.5,0.0
S02,2025-05-24 18:00:00,29.6,57,5.8,0.0
S02,2025-05-24 19:00:00,28.7,56,9.4,0.0
S02,2025-05-24 20:00:00,27.7,58,5.0,0.0
S02,2025-05-24 21:00:00,26.7,68,6.5,0.0
S02,2025-05-24 22:00:00,25.6,76,9.9,0.0
S02,2025-05-24 23:00:00,24.7,81,11.3,0.0
S02,2025-05-25 00:00:00,22.0,79,6.5,0.0
S02,2025-05-25 01:00:00,22.0,82,8.7,0.0
S02,2025-05-25 02:00:00,22.0,77,7.0,0.0
S02,2025-05-25 03:00:00,22.0,75,11.9,0.0
S02,2025-05-25 04:00:00,22.0,80,6.4,0.0
S02,2025-05-25 05:00:00,22.0,83,7.3,0.0
S02,2025-05-25 06:00:00,23.2,72,12.1,0.0
S02,2025-05-25 07:00:00,24.9,72,7.8,0.0
S02,2025-05-25 08:00:00,26.7,71,12.4,0.0
S02,2025-05-25 09:00:00,28.6,67,5.4,0.0
S02,2025-05-25 10:00:00,30.3,65,7.5,0.0
S02,2025-05-25 11:00:00,31.8,68,9.0,0.0
S02,2025-05-25 12:00:00,33.0,49,10.1,0.0
S02,2025-05-25 13:00:00,33.9,64,13.7,0.0
S02,2025-05-25 14:00:00,34.3,62,5.9,0.0
S02,2025-05-25 15:00:00,34.3,59,6.8,0.0
S02,2025-05-25 16:00:00,33.9,57,5.2,0.0
S02,2025-05-25 17:00:00,30.1,75,18.7,9.8
S02,2025-05-25 18:00:00,29.8,64,11.4,0.0
S02,2025-05-25 19:00:00,30.3,64,4.9,0.0
S02,2025-05-25 20:00:00,28.6,65,6.8,0.0
S02,2025-05-25 21:00:00,26.7,74,12.5,0.0
S02,2025-05-25 22:00:00,24.9,78,6.7,0.0
S02,2025-05-25 23:00:00,23.2,67,3.7,0.0
S02,2025-05-26 00:00:00,21.7,85,9.1,0.0
S02,2025-05-26 01:00:00,21.7,79,8.6,0.0
S02,2025-05-26 02:00:00,21.7,81,13.8,0.0
S02,2025-05-26 03:00:00,21.7,82,11.2,0.0
S02,2025-05-26 04:00:00,21.7,85,5.5,0.0
S02,2025-05-26 05:00:00,21.7,83,8.1,0.0
S02,2025-05-26 06:00:00,22.9,68,2.6,0.0
S02,2025-05-26 07:00:00,24.7,70,10.6,0.0
S02,2025-05-26 08:00:00,26.6,71,9.6,0.0
S02,2025-05-26 09:00:00,28.6,75,5.2,0.0
S02,2025-05-26 10:00:00,30.4,63,9.9,0.0
S02,2025-05-26 11:00:00,32.0,57,9.1,0.0
S02,2025-05-26 12:00:00,33.3,51,13.2,0.0
S02,2025-05-26 13:00:00,34.2,53,15.1,0.0
S02,2025-05-26 14:00:00,34.6,55,12.1,0.0
S02,2025-05-26 15:00:00,34.6,55,8.9,0.0
S02,2025-05-26 16:00:00,34.2,54,9.4,0.0
S02,2025-05-26 17:00:00,33.3,59,6.6,0.0
S02,2025-05-26 18:00:00,32.0,60,7.2,0.0
S02,2025-05-26 19:00:00,30.4,72,8.7,0.0
S02,2025-05-26 20:00:00,28.6,73,8.4,0.0
S02,2025-05-26 21:00:00,26.6,72,5.0,0.0
S02,2025-05-26 22:00:00,24.7,72,9.6,0.0
S02,2025-05-26 23:00:00,22.9,84,9.7,0.0
S02,2025-05-27 00:00:00,22.5,77,5.4,0.0
S02,2025-05-27 01:00:00,22.5,89,11.5,0.0
S02,2025-05-27 02:00:00,22.5,79,12.7,0.0
S02,2025-05-27 03:00:00,22.5,83,14.9,0.0
S02,2025-05-27 04:00:00,22.5,74,8.2,0.0
S02,2025-05-27 05:00:00,22.5,78,3.1,0.0
S02,2025-05-27 06:00:00,23.7,82,8.2,0.0
S02,2025-05-27 07:00:00,25.3,77,16.1,0.0
S02,2025-05-27 08:00:00,27.1,69,7.7,0.0
S02,2025-05-27 09:00:00,29.0,67,12.0,0.0
S02,2025-05-27 10:00:00,30.7,61,7.1,0.0
S02,2025-05-27 11:00:00,32.2,64,10.1,0.0
S02,2025-05-27 12:00:00,33.3,50,5.3,0.0
S02,2025-05-27 13:00:00,34.2,62,10.2,0.0
S02,2025-05-27 14:00:00,34.6,52,8.5,0.0
S02,2025-05-27 15:00:00,34.6,55,11.2,0.0
S02,2025-05-27 16:00:00,34.2,51,6.5,0.0
S02,2025-05-27 17:00:00,28.3,100,54.2,37.9
S02,2025-05-27 18:00:00,30.2,62,5.3,0.0
S02,2025-05-27 19:00:00,30.7,65,12.3,0.0
S02,2025-05-27 20:00:00,29.0,69,9.4,0.0
S02,2025-05-27 21:00:00,27.1,70,6.5,0.0
S02,2025-05-27 22:00:00,25.3,74,12.8,0.0
S02,2025-05-27 23:00:00,23.7,77,6.3,0.0
S02,2025-05-28 00:00:00,22.2,84,6.2,0.0
S02,2025-05-28 01:00:00,22.2,76,8.8,0.0
S02,2025-05-28 02:00:00,22.2,78,5.6,0.0
S02,2025-05-28 03:00:00,22.2,78,7.6,0.0
S02,2025-05-28 04:00:00,22.2,77,8.1,0.0
S02,2025-05-28 05:00:00,22.2,85,9.6,0.0
S02,2025-05-28 06:00:00,23.1,87,9.5,0.0
S02,2025-05-28 07:00:00,24.5,73,9.0,0.0
S02,2025-05-28 08:00:00,26.1,72,10.3,0.0
S02,2025-05-28 09:00:00,27.6,75,6.5,0.0
S02,2025-05-28 10:00:00,29.0,67,9.6,0.0
S02,2025-05-28 11:00:00,30.3,54,11.3,0.0
S02,2025-05-28 12:00:00,31.3,63,6.4,0.0
S02,2025-05-28 13:00:00,32.0,56,3.8,0.0
S02,2025-05-28 14:00:00,32.4,50,12.1,0.0
S02,2025-05-28 15:00:00,32.4,53,5.7,0.0
S02,2025-05-28 16:00:00,32.0,57,7.4,0.0
S02,2025-05-28 17:00:00,27.8,81,26.1,12.4
S02,2025-05-28 18:00:00,28.4,65,11.7,4.5
S02,2025-05-28 19:00:00,27.0,64,11.9,0.0
S02,2025-05-28 20:00:00,27.6,72,7.0,0.0
S02,2025-05-28 21:00:00,26.1,74,6.6,0.0
S02,2025-05-28 22:00:00,24.5,82,5.6,0.0
S02,2025-05-28 23:00:00,23.1,83,7.0,0.0
S02,2025-05-29 00:00:00,22.5,84,8.8,0.0
S02,2025-05-29 01:00:00,22.5,80,11.3,0.0
S02,2025-05-29 02:00:00,22.5,81,5.1,0.0
S02,2025-05-29 03:00:00,22.5,77,9.7,0.0
S02,2025-05-29 04:00:00,22.5,85,13.8,0.0
S02,2025-05-29 05:00:00,22.5,83,9.9,0.0
S02,2025-05-29 06:00:00,23.7,81,7.0,0.0
S02,2025-05-29 07:00:00,25.5,74,6.5,0.0
S02,2025-05-29 08:00:00,25.7,72,14.2,3.5
S02,2025-05-29 09:00:00,27.3,67,11.1,0.0
S02,2025-05-29 10:00:00,31.2,65,9.7,0.0
S02,2025-05-29 11:00:00,32.7,62,8.9,0.0
S02,2025-05-29 12:00:00,34.0,59,6.8,0.0
S02,2025-05-29 13:00:00,34.9,57,11.0,0.0
S02,2025-05-29 14:00:00,35.4,52,9.2,0.0
S02,2025-05-29 15:00:00,35.4,53,7.4,0.0
S02,2025-05-29 16:00:00,34.9,51,12.8,0.0
S02,2025-05-29 17:00:00,34.0,62,10.6,0.0
S02,2025-05-29 18:00:00,32.7,68,8.4,0.0
S02,2025-05-29 19:00:00,31.2,75,8.3,0.0
S02,2025-05-29 20:00:00,29.3,68,7.8,0.0
S02,2025-05-29 21:00:00,27.4,72,11.5,0.0
S02,2025-05-29 22:00:00,25.5,74,14.3,0.0
S02,2025-05-29 23:00:00,23.7,79,9.8,0.0
S02,2025-05-30 00:00:00,22.3,77,17.0,0.0
S02,2025-05-30 01:00:00,22.3,79,4.6,0.0
S02,2025-05-30 02:00:00,22.3,77,8.8,0.0
S02,2025-05-30 03:00:00,22.3,82,10.7,0.0
S02,2025-05-30 04:00:00,22.3,83,7.1,0.0
S02,2025-05-30 05:00:00,22.3,81,6.4,0.0
S02,2025-05-30 06:00:00,23.3,75,6.2,0.0
S02,2025-05-30 07:00:00,24.6,69,12.2,0.0
S02,2025-05-30 08:00:00,26.0,73,11.9,0.0
S02,2025-05-30 09:00:00,27.4,67,11.3,0.0
S02,2025-05-30 10:00:00,28.8,56,11.6,0.0
S02,2025-05-30 11:00:00,29.9,61,10.9,0.0
S02,2025-05-30 12:00:00,30.9,59,6.0,0.0
S02,2025-05-30 13:00:00,31.5,50,6.9,0.0
S02,2025-05-30 14:00:00,31.9,57,11.1,0.0
S02,2025-05-30 15:00:00,31.9,50,6.1,0.0
S02,2025-05-30 16:00:00,31.5,53,7.9,0.0
S02,2025-05-30 17:00:00,30.9,52,4.7,0.0
S02,2025-05-30 18:00:00,29.9,57,9.3,0.0
S02,2025-05-30 19:00:00,28.8,59,8.7,0.0
S02,2025-05-30 20:00:00,27.4,71,5.1,0.0
S02,2025-05-30 21:00:00,26.0,70,12.1,0.0
S02,2025-05-30 22:00:00,24.6,73,7.3,0.0
S02,2025-05-30 23:00:00,23.3,82,8.1,0.0
S03,2025-05-01 00:00:00,21.3,78,9.1,0.0
S03,2025-05-01 01:00:00,21.3,80,11.1,0.0
S03,2025-05-01 02:00:00,21.3,76,12.1,0.0
S03,2025-05-01 03:00:00,21.3,82,5.0,0.0
S03,2025-05-01 04:00:00,21.3,85,15.7,0.0
S03,2025-05-01 05:00:00,21.3,84,13.3,0.0
S03,2025-05-01 06:00:00,22.5,78,4.0,0.0
S03,2025-05-01 07:00:00,24.2,67,9.8,0.0
S03,2025-05-01 08:00:00,24.9,70,7.2,0.8
S03,2025-05-01 09:00:00,26.0,66,10.8,0.0
S03,2025-05-01 10:00:00,29.7,57,7.7,0.0
S03,2025-05-01 11:00:00,31.3,66,5.8,0.0
S03,2025-05-01 12:00:00,32.5,61,7.5,0.0
S03,2025-05-01 13:00:00,33.3,58,12.3,0.0
S03,2025-05-01 14:00:00,33.8,58,11.7,0.0
S03,2025-05-01 15:00:00,33.8,51,12.3,0.0
S03,2025-05-01 16:00:00,33.3,53,9.8,0.0
S03,2025-05-01 17:00:00,32.5,59,10.5,0.0
S03,2025-05-01 18:00:00,31.3,62,6.5,0.0
S03,2025-05-01 19:00:00,29.7,58,11.6,0.0
S03,2025-05-01 20:00:00,28.0,67,12.4,0.0
S03,2025-05-01 21:00:00,26.1,70,4.8,0.0
S03,2025-05-01 22:00:00,24.2,78,7.9,0.0
S03,2025-05-01 23:00:00,22.5,79,7.1,0.0
S03,2025-05-02 00:00:00,20.3,76,10.0,0.0
S03,2025-05-02 01:00:00,20.3,86,7.5,0.0
S03,2025-05-02 02:00:00,20.3,82,0.8,0.0
S03,2025-05-02 03:00:00,20.3,80,8.1,0.0
S03,2025-05-02 04:00:00,20.3,77,12.2,0.0
S03,2025-05-02 05:00:00,20.3,79,8.5,0.0
S03,2025-05-02 06:00:00,21.7,76,3.2,0.0
S03,2025-05-02 07:00:00,23.6,70,11.9,0.0
S03,2025-05-02 08:00:00,25.7,62,6.7,0.0
S03,2025-05-02 09:00:00,27.8,65,14.2,0.0
S03,2025-05-02 10:00:00,29.8,66,7.3,0.0
S03,2025-05-02 11:00:00,31.5,65,6.8,0.0
S03,2025-05-02 12:00:00,32.9,62,4.9,0.0
S03,2025-05-02 13:00:00,33.9,60,7.8,0.0
S03,2025-05-02 14:00:00,34.4,51,8.3,0.0
S03,2025-05-02 15:00:00,34.4,56,7.5,0.0
S03,2025-05-02 16:00:00,33.9,58,7.3,0.0
S03,2025-05-02 17:00:00,32.9,60,10.3,0.0
S03,2025-05-02 18:00:00,31.5,60,7.7,0.0
S03,2025-05-02 19:00:00,29.8,64,10.7,0.0
S03,2025-05-02 20:00:00,27.8,75,11.8,0.0
S03,2025-05-02 21:00:00,25.7,74,18.3,0.0
S03,2025-05-02 22:00:00,23.6,76,10.5,0.0
S03,2025-05-02 23:00:00,21.7,80,6.0,0.0
S03,2025-05-03 00:00:00,20.6,81,12.3,0.0
S03,2025-05-03 01:00:00,20.6,83,8.5,0.0
S03,2025-05-03 02:00:00,20.6,77,12.4,0.0
S03,2025-05-03 03:00:00,20.6,83,4.2,0.0
S03,2025-05-03 04:00:00,20.6,79,9.5,0.0
S03,2025-05-03 05:00:00,20.6,83,11.7,0.0
S03,2025-05-03 06:00:00,21.7,79,10.8,0.0
S03,2025-05-03 07:00:00,23.2,74,7.0,0.0
S03,2025-05-03 08:00:00,24.9,69,9.1,0.0
S03,2025-05-03 09:00:00,26.6,67,3.3,0.0
S03,2025-05-03 10:00:00,28.2,62,9.2,0.0
S03,2025-05-03 11:00:00,29.6,59,8.3,0.0
S03,2025-05-03 12:00:00,30.7,60,5.8,0.0
S03,2025-05-03 13:00:00,31.5,49,8.0,0.0
S03,2025-05-03 14:00:00,31.9,58,14.1,0.0
S03,2025-05-03 15:00:00,31.9,58,4.6,0.0
S03,2025-05-03 16:00:00,31.5,55,9.8,0.0
S03,2025-05-03 17:00:00,30.7,58,10.6,0.0
S03,2025-05-03 18:00:00,29.6,56,9.2,0.0
S03,2025-05-03 19:00:00,28.2,65,11.5,0.0
S03,2025-05-03 20:00:00,26.6,64,8.0,0.0
S03,2025-05-03 21:00:00,24.9,60,7.1,0.0
S03,2025-05-03 22:00:00,23.2,72,5.9,0.0
S03,2025-05-03 23:00:00,21.7,78,8.8,0.0
S03,2025-05-04 00:00:00,21.2,79,9.9,0.0
S03,2025-05-04 01:00:00,21.2,80,8.2,0.0
S03,2025-05-04 02:00:00,21.2,74,4.6,0.0
S03,2025-05-04 03:00:00,21.2,78,9.0,0.0
S03,2025-05-04 04:00:00,21.2,78,10.9,0.0
S03,2025-05-04 05:00:00,21.2,79,6.1,0.0
S03,2025-05-04 06:00:00,22.0,76,9.7,0.0
S03,2025-05-04 07:00:00,23.2,76,14.6,0.0
S03,2025-05-04 08:00:00,24.5,68,8.8,0.0
S03,2025-05-04 09:00:00,25.7,68,8.9,0.0
S03,2025-05-04 10:00:00,27.0,61,4.4,0.0
S03,2025-05-04 11:00:00,28.0,58,5.8,0.0
S03,2025-05-04 12:00:00,28.9,51,6.6,0.0
S03,2025-05-04 13:00:00,29.4,52,10.8,0.0
S03,2025-05-04 14:00:00,29.8,58,6.3,0.0
S03,2025-05-04 15:00:00,27.9,62,8.5,4.2
S03,2025-05-04 16:00:00,27.4,54,10.2,0.0
S03,2025-05-04 17:00:00,28.9,61,6.9,0.0
S03,2025-05-04 18:00:00,28.0,64,4.5,0.0
S03,2025-05-04 19:00:00,27.0,58,11.1,0.0
S03,2025-05-04 20:00:00,25.7,73,10.5,0.0
S03,2025-05-04 21:00:00,24.5,70,2.4,0.0
S03,2025-05-04 22:00:00,23.2,66,9.4,0.0
S03,2025-05-04 23:00:00,22.0,76,5.7,0.0
S03,2025-05-05 00:00:00,21.1,85,9.0,0.0
S03,2025-05-05 01:00:00,21.1,80,12.2,0.0
S03,2025-05-05 02:00:00,21.1,76,17.4,0.0
S03,2025-05-05 03:00:00,21.1,82,10.1,0.0
S03,2025-05-05 04:00:00,21.1,82,14.6,0.0
S03,2025-05-05 05:00:00,21.1,83,4.2,0.0
S03,2025-05-05 06:00:00,22.2,83,8.0,0.0
S03,2025-05-05 07:00:00,23.8,75,5.2,0.0
S03,2025-05-05 08:00:00,25.5,73,7.0,0.0
S03,2025-05-05 09:00:00,27.2,67,8.1,0.0
S03,2025-05-05 10:00:00,28.8,71,14.9,0.0
S03,2025-05-05 11:00:00,30.2,60,9.2,0.0
S03,2025-05-05 12:00:00,31.3,56,12.3,0.0
S03,2025-05-05 13:00:00,32.1,55,7.7,0.0
S03,2025-05-05 14:00:00,32.5,59,7.4,0.0
S03,2025-05-05 15:00:00,32.5,55,4.3,0.0
S03,2025-05-05 16:00:00,32.1,59,14.8,0.0
S03,2025-05-05 17:00:00,31.3,61,13.4,0.0
S03,2025-05-05 18:00:00,30.2,57,9.7,0.0
S03,2025-05-05 19:00:00,28.8,59,8.3,0.0
S03,2025-05-05 20:00:00,27.2,70,9.3,0.0
S03,2025-05-05 21:00:00,25.5,65,5.1,0.0
S03,2025-05-05 22:00:00,23.8,69,10.5,0.0
S03,2025-05-05 23:00:00,22.2,86,13.1,0.0
S03,2025-05-06 00:00:00,22.1,79,12.3,0.0
S03,2025-05-06 01:00:00,22.1,82,5.1,0.0
S03,2025-05-06 02:00:00,22.1,82,2.6,0.0
S03,2025-05-06 03:00:00,22.1,79,12.4,0.0
S03,2025-05-06 04:00:00,22.1,80,7.5,0.0
S03,2025-05-06 05:00:00,22.1,84,11.9,0.0
S03,2025-05-06 06:00:00,22.9,83,11.6,0.0
S03,2025-05-06 07:00:00,24.0,79,11.2,0.0
S03,2025-05-06 08:00:00,25.2,72,9.3,0.0
S03,2025-05-06 09:00:00,26.4,66,5.4,0.0
S03,2025-05-06 10:00:00,27.6,59,8.2,0.0
S03,2025-05-06 11:00:00,28.6,61,13.3,0.0
S03,2025-05-06 12:00:00,29.4,58,12.0,0.0
S03,2025-05-06 13:00:00,29.9,60,8.3,0.0
S03,2025-05-06 14:00:00,30.2,57,8.3,0.0
S03,2025-05-06 15:00:00,30.2,60,10.9,0.0
S03,2025-05-06 16:00:00,29.9,51,9.5,0.0
S03,2025-05-06 17:00:00,29.4,64,8.5,0.0
S03,2025-05-06 18:00:00,28.6,62,10.6,0.0
S03,2025-05-06 19:00:00,27.6,59,10.5,0.0
S03,2025-05-06 20:00:00,26.4,61,7.1,0.0
S03,2025-05-06 21:00:00,25.2,75,10.1,0.0
S03,2025-05-06 22:00:00,24.0,73,10.3,0.0
S03,2025-05-06 23:00:00,22.9,77,9.0,0.0
S03,2025-05-07 00:00:00,20.4,82,5.0,0.0
S03,2025-05-07 01:00:00,20.4,74,8.7,0.0
S03,2025-05-07 02:00:00,20.4,86,8.4,0.0
S03,2025-05-07 03:00:00,20.4,85,10.1,0.0
S03,2025-05-07 04:00:00,20.4,82,5.0,0.0
S03,2025-05-07 05:00:00,20.4,84,8.0,0.0
S03,2025-05-07 06:00:00,21.7,81,6.6,0.0
S03,2025-05-07 07:00:00,23.4,75,10.1,0.0
S03,2025-05-07 08:00:00,25.3,70,10.2,0.0
S03,2025-05-07 09:00:00,27.2,66,7.1,0.0
S03,2025-05-07 10:00:00,29.1,70,12.1,0.0
S03,2025-05-07 11:00:00,30.6,57,10.7,0.0
S03,2025-05-07 12:00:00,31.9,55,5.4,0.0
S03,2025-05-07 13:00:00,32.8,60,3.9,0.0
S03,2025-05-07 14:00:00,31.5,66,12.4,3.5
S03,2025-05-07 15:00:00,32.0,56,11.4,1.0
S03,2025-05-07 16:00:00,30.8,58,6.5,0.0
S03,2025-05-07 17:00:00,31.9,61,9.3,0.0
S03,2025-05-07 18:00:00,30.6,55,8.5,0.0
S03,2025-05-07 19:00:00,29.1,69,14.0,0.0
S03,2025-05-07 20:00:00,27.2,70,5.4,0.0
S03,2025-05-07 21:00:00,25.3,72,11.6,0.0
S03,2025-05-07 22:00:00,23.4,77,11.4,0.0
S03,2025-05-07 23:00:00,21.7,79,8.8,0.0
S03,2025-05-08 00:00:00,19.5,82,5.0,0.0
S03,2025-05-08 01:00:00,19.5,83,15.2,0.0
S03,2025-05-08 02:00:00,19.5,80,8.8,0.0
S03,2025-05-08 03:00:00,19.5,81,15.1,0.0
S03,2025-05-08 04:00:00,19.5,76,9.6,0.0
S03,2025-05-08 05:00:00,19.5,77,7.4,0.0
S03,2025-05-08 06:00:00,20.7,77,13.0,0.0
S03,2025-05-08 07:00:00,22.3,81,10.3,0.0
S03,2025-05-08 08:00:00,24.2,69,16.5,0.0
S03,2025-05-08 09:00:00,26.0,65,7.3,0.0
S03,2025-05-08 10:00:00,27.7,56,13.2,0.0
S03,2025-05-08 11:00:00,29.2,64,16.3,0.0
S03,2025-05-08 12:00:00,30.4,52,13.4,0.0
S03,2025-05-08 13:00:00,31.3,56,11.4,0.0
S03,2025-05-08 14:00:00,31.7,49,13.4,0.0
S03,2025-05-08 15:00:00,31.7,58,8.9,0.0
S03,2025-05-08 16:00:00,31.3,59,6.7,0.0
S03,2025-05-08 17:00:00,30.4,55,7.6,0.0
S03,2025-05-08 18:00:00,29.2,53,11.6,0.0
S03,2025-05-08 19:00:00,27.7,68,6.9,0.0
S03,2025-05-08 20:00:00,26.0,68,8.2,0.0
S03,2025-05-08 21:00:00,24.2,72,7.1,0.0
S03,2025-05-08 22:00:00,22.3,71,12.2,0.0
S03,2025-05-08 23:00:00,20.7,77,15.1,0.0
S03,2025-05-09 00:00:00,20.3,83,12.6,0.0
S03,2025-05-09 01:00:00,20.3,77,8.6,0.0
S03,2025-05-09 02:00:00,20.3,79,5.1,0.0
S03,2025-05-09 03:00:00,20.3,79,13.0,0.0
S03,2025-05-09 04:00:00,20.3,81,5.0,0.0
S03,2025-05-09 05:00:00,20.3,74,14.0,0.0
S03,2025-05-09 06:00:00,21.4,77,7.1,0.0
S03,2025-05-09 07:00:00,23.1,73,4.6,0.0
S03,2025-05-09 08:00:00,24.9,76,7.8,0.0
S03,2025-05-09 09:00:00,26.8,72,9.2,0.0
S03,2025-05-09 10:00:00,28.5,69,9.8,0.0
S03,2025-05-09 11:00:00,30.0,64,11.2,0.0
S03,2025-05-09 12:00:00,31.2,60,10.0,0.0
S03,2025-05-09 13:00:00,32.1,55,14.7,0.0
S03,2025-05-09 14:00:00,32.5,51,9.0,0.0
S03,2025-05-09 15:00:00,32.5,55,10.2,0.0
S03,2025-05-09 16:00:00,32.1,54,9.9,0.0
S03,2025-05-09 17:00:00,31.2,57,4.3,0.0
S03,2025-05-09 18:00:00,30.0,60,5.7,0.0
S03,2025-05-09 19:00:00,28.5,56,9.4,0.0
S03,2025-05-09 20:00:00,26.8,69,10.6,0.0
S03,2025-05-09 21:00:00,24.9,73,3.2,0.0
S03,2025-05-09 22:00:00,23.1,69,14.9,0.0
S03,2025-05-09 23:00:00,21.4,73,10.8,0.0
S03,2025-05-10 00:00:00,21.1,81,7.7,0.0
S03,2025-05-10 01:00:00,21.1,76,9.8,0.0
S03,2025-05-10 02:00:00,21.1,75,10.3,0.0
S03,2025-05-10 03:00:00,21.1,91,13.1,0.0
S03,2025-05-10 04:00:00,21.1,83,8.7,0.0
S03,2025-05-10 05:00:00,21.1,72,5.0,0.0
S03,2025-05-10 06:00:00,22.1,83,6.6,0.0
S03,2025-05-10 07:00:00,23.5,71,8.5,0.0
S03,2025-05-10 08:00:00,25.1,66,5.3,0.0
S03,2025-05-10 09:00:00,26.7,67,6.3,0.0
S03,2025-05-10 10:00:00,28.2,60,6.7,0.0
S03,2025-05-10 11:00:00,29.5,62,8.3,0.0
S03,2025-05-10 12:00:00,30.5,57,10.8,0.0
S03,2025-05-10 13:00:00,31.3,55,8.2,0.0
S03,2025-05-10 14:00:00,31.6,57,11.0,0.0
S03,2025-05-10 15:00:00,31.6,55,9.2,0.0
S03,2025-05-10 16:00:00,31.3,53,6.4,0.0
S03,2025-05-10 17:00:00,30.5,61,10.3,0.0
S03,2025-05-10 18:00:00,29.5,62,9.8,0.0
S03,2025-05-10 19:00:00,28.2,63,11.1,0.0
S03,2025-05-10 20:00:00,26.7,70,11.7,0.0
S03,2025-05-10 21:00:00,25.1,70,13.2,0.0
S03,2025-05-10 22:00:00,23.5,75,10.9,0.0
S03,2025-05-10 23:00:00,22.1,79,9.7,0.0
S03,2025-05-11 00:00:00,21.6,80,7.7,0.0
S03,2025-05-11 01:00:00,21.6,78,13.6,0.0
S03,2025-05-11 02:00:00,21.6,77,7.6,0.0
S03,2025-05-11 03:00:00,21.6,74,6.7,0.0
S03,2025-05-11 04:00:00,21.6,73,10.9,0.0
S03,2025-05-11 05:00:00,21.6,91,7.9,0.0
S03,2025-05-11 06:00:00,22.5,71,11.7,0.0
S03,2025-05-11 07:00:00,23.9,71,12.9,0.0
S03,2025-05-11 08:00:00,25.4,69,7.1,0.0
S03,2025-05-11 09:00:00,26.9,66,11.3,0.0
S03,2025-05-11 10:00:00,28.3,62,7.5,0.0
S03,2025-05-11 11:00:00,29.5,59,5.2,0.0
S03,2025-05-11 12:00:00,30.5,59,3.6,0.0
S03,2025-05-11 13:00:00,31.2,54,11.3,0.0
S03,2025-05-11 14:00:00,31.6,56,10.8,0.0
S03,2025-05-11 15:00:00,31.6,55,12.5,0.0
S03,2025-05-11 16:00:00,31.2,60,10.3,0.0
S03,2025-05-11 17:00:00,30.5,61,11.3,0.0
S03,2025-05-11 18:00:00,29.5,58,5.0,0.0
S03,2025-05-11 19:00:00,28.3,65,10.6,0.0
S03,2025-05-11 20:00:00,26.9,71,6.2,0.0
S03,2025-05-11 21:00:00,25.4,67,10.4,0.0
S03,2025-05-11 22:00:00,23.9,74,3.3,0.0
S03,2025-05-11 23:00:00,22.5,79,3.4,0.0
S03,2025-05-12 00:00:00,22.1,78,7.6,0.0
S03,2025-05-12 01:00:00,22.1,86,7.9,0.0
S03,2025-05-12 02:00:00,22.1,83,4.6,0.0
S03,2025-05-12 03:00:00,22.1,79,4.0,0.0
S03,2025-05-12 04:00:00,22.1,76,11.5,0.0
S03,2025-05-12 05:00:00,22.1,80,8.0,0.0
S03,2025-05-12 06:00:00,23.0,75,8.3,0.0
S03,2025-05-12 07:00:00,24.2,75,11.9,0.0
S03,2025-05-12 08:00:00,25.6,60,6.5,0.0
S03,2025-05-12 09:00:00,27.0,67,8.7,0.0
S03,2025-05-12 10:00:00,28.3,65,9.8,0.0
S03,2025-05-12 11:00:00,29.5,59,7.4,0.0
S03,2025-05-12 12:00:00,30.4,57,12.4,0.0
S03,2025-05-12 13:00:00,31.0,53,8.8,0.0
S03,2025-05-12 14:00:00,28.8,71,22.6,7.4
S03,2025-05-12 15:00:00,30.0,57,13.7,1.5
S03,2025-05-12 16:00:00,29.0,61,8.8,0.0
S03,2025-05-12 17:00:00,30.4,57,8.0,0.0
S03,2025-05-12 18:00:00,29.5,59,11.6,0.0
S03,2025-05-12 19:00:00,28.3,64,9.7,0.0
S03,2025-05-12 20:00:00,27.0,62,6.1,0.0
S03,2025-05-12 21:00:00,25.6,79,8.5,0.0
S03,2025-05-12 22:00:00,24.2,71,13.3,0.0
S03,2025-05-12 23:00:00,23.0,79,10.7,0.0
S03,2025-05-13 00:00:00,20.7,80,9.9,0.0
S03,2025-05-13 01:00:00,20.7,87,9.3,0.0
S03,2025-05-13 02:00:00,20.7,71,8.7,0.0
S03,2025-05-13 03:00:00,20.7,91,11.6,0.0
S03,2025-05-13 04:00:00,20.7,77,10.8,0.0
S03,2025-05-13 05:00:00,20.7,77,4.9,0.0
S03,2025-05-13 06:00:00,21.9,76,9.3,0.0
S03,2025-05-13 07:00:00,23.4,67,5.6,0.0
S03,2025-05-13 08:00:00,25.2,71,7.8,0.0
S03,2025-05-13 09:00:00,26.9,68,5.4,0.0
S03,2025-05-13 10:00:00,28.5,66,5.4,0.0
S03,2025-05-13 11:00:00,29.9,67,3.9,0.0
S03,2025-05-13 12:00:00,31.1,53,10.3,0.0
S03,2025-05-13 13:00:00,31.9,63,9.9,0.0
S03,2025-05-13 14:00:00,32.3,57,9.1,0.0
S03,2025-05-13 15:00:00,32.3,51,7.5,0.0
S03,2025-05-13 16:00:00,31.9,51,5.2,0.0
S03,2025-05-13 17:00:00,31.1,59,5.6,0.0
S03,2025-05-13 18:00:00,29.9,61,5.1,0.0
S03,2025-05-13 19:00:00,28.5,64,7.5,0.0
S03,2025-05-13 20:00:00,26.9,72,10.0,0.0
S03,2025-05-13 21:00:00,25.2,75,6.7,0.0
S03,2025-05-13 22:00:00,23.4,74,6.1,0.0
S03,2025-05-13 23:00:00,21.9,76,8.2,0.0
S03,2025-05-14 00:00:00,20.0,74,4.9,0.0
S03,2025-05-14 01:00:00,20.0,87,7.1,0.0
S03,2025-05-14 02:00:00,20.0,81,10.9,0.0
S03,2025-05-14 03:00:00,20.0,83,4.4,0.0
S03,2025-05-14 04:00:00,20.0,79,4.1,0.0
S03,2025-05-14 05:00:00,20.0,90,4.2,0.0
S03,2025-05-14 06:00:00,21.1,73,5.9,0.0
S03,2025-05-14 07:00:00,22.7,68,13.1,0.0
S03,2025-05-14 08:00:00,24.4,80,7.6,0.0
S03,2025-05-14 09:00:00,26.2,61,2.3,0.0
S03,2025-05-14 10:00:00,27.8,62,8.1,0.0
S03,2025-05-14 11:00:00,29.2,58,9.7,0.0
S03,2025-05-14 12:00:00,30.4,59,10.0,0.0
S03,2025-05-14 13:00:00,31.2,55,5.7,0.0
S03,2025-05-14 14:00:00,31.6,58,9.0,0.0
S03,2025-05-14 15:00:00,31.6,59,11.4,0.0
S03,2025-05-14 16:00:00,31.2,50,4.7,0.0
S03,2025-05-14 17:00:00,28.4,64,11.6,4.8
S03,2025-05-14 18:00:00,27.2,63,10.1,0.0
S03,2025-05-14 19:00:00,27.8,68,10.2,0.0
S03,2025-05-14 20:00:00,26.2,68,12.6,0.0
S03,2025-05-14 21:00:00,24.4,72,9.2,0.0
S03,2025-05-14 22:00:00,22.7,80,9.3,0.0
S03,2025-05-14 23:00:00,21.1,76,6.5,0.0
S03,2025-05-15 00:00:00,22.0,72,8.8,0.0
S03,2025-05-15 01:00:00,22.0,80,6.8,0.0
S03,2025-05-15 02:00:00,22.0,90,8.8,0.0
S03,2025-05-15 03:00:00,22.0,78,9.1,0.0
S03,2025-05-15 04:00:00,22.0,72,6.7,0.0
S03,2025-05-15 05:00:00,22.0,84,7.1,0.0
S03,2025-05-15 06:00:00,23.1,74,12.9,0.0
S03,2025-05-15 07:00:00,24.6,80,10.6,0.0
S03,2025-05-15 08:00:00,26.3,69,8.3,0.0
S03,2025-05-15 09:00:00,28.0,64,6.0,0.0
S03,2025-05-15 10:00:00,29.6,59,7.1,0.0
S03,2025-05-15 11:00:00,31.0,56,4.3,0.0
S03,2025-05-15 12:00:00,32.1,59,9.7,0.0
S03,2025-05-15 13:00:00,32.9,63,7.0,0.0
S03,2025-05-15 14:00:00,33.3,56,9.9,0.0
S03,2025-05-15 15:00:00,33.3,54,11.2,0.0
S03,2025-05-15 16:00:00,32.9,59,10.0,0.0
S03,2025-05-15 17:00:00,32.1,57,7.9,0.0
S03,2025-05-15 18:00:00,31.0,55,6.6,0.0
S03,2025-05-15 19:00:00,29.6,61,5.6,0.0
S03,2025-05-15 20:00:00,28.0,68,12.6,0.0
S03,2025-05-15 21:00:00,26.3,67,9.9,0.0
S03,2025-05-15 22:00:00,24.6,70,8.1,0.0
S03,2025-05-15 23:00:00,23.1,75,10.8,0.0
S03,2025-05-16 00:00:00,21.8,75,9.8,0.0
S03,2025-05-16 01:00:00,21.8,84,9.8,0.0
S03,2025-05-16 02:00:00,21.8,89,13.3,0.0
S03,2025-05-16 03:00:00,21.8,79,8.0,0.0
S03,2025-05-16 04:00:00,21.8,82,6.5,0.0
S03,2025-05-16 05:00:00,21.8,85,10.1,0.0
S03,2025-05-16 06:00:00,22.8,79,11.1,0.0
S03,2025-05-16 07:00:00,24.1,81,9.5,0.0
S03,2025-05-16 08:00:00,25.6,70,13.5,0.0
S03,2025-05-16 09:00:00,27.1,71,8.0,0.0
S03,2025-05-16 10:00:00,28.4,63,9.6,0.0
S03,2025-05-16 11:00:00,29.6,62,4.9,0.0
S03,2025-05-16 12:00:00,30.6,52,6.3,0.0
S03,2025-05-16 13:00:00,31.3,52,7.1,0.0
S03,2025-05-16 14:00:00,31.6,58,8.5,0.0
S03,2025-05-16 15:00:00,31.6,56,5.3,0.0
S03,2025-05-16 16:00:00,31.3,54,10.8,0.0
S03,2025-05-16 17:00:00,30.6,60,6.8,0.0
S03,2025-05-16 18:00:00,29.6,61,15.6,0.0
S03,2025-05-16 19:00:00,28.4,63,6.9,0.0
S03,2025-05-16 20:00:00,27.1,66,9.3,0.0
S03,2025-05-16 21:00:00,25.6,70,8.9,0.0
S03,2025-05-16 22:00:00,24.1,68,6.1,0.0
S03,2025-05-16 23:00:00,22.8,77,8.5,0.0
S03,2025-05-17 00:00:00,20.9,80,10.2,0.0
S03,2025-05-17 01:00:00,20.9,78,10.7,0.0
S03,2025-05-17 02:00:00,20.9,82,11.6,0.0
S03,2025-05-17 03:00:00,20.9,83,10.8,0.0
S03,2025-05-17 04:00:00,20.9,80,9.7,0.0
S03,2025-05-17 05:00:00,20.9,84,7.0,0.0
S03,2025-05-17 06:00:00,21.9,75,9.5,0.0
S03,2025-05-17 07:00:00,23.4,76,6.5,0.0
S03,2025-05-17 08:00:00,25.0,70,8.7,0.0
S03,2025-05-17 09:00:00,26.7,58,8.3,0.0
S03,2025-05-17 10:00:00,28.2,63,8.5,0.0
S03,2025-05-17 11:00:00,29.6,66,5.4,0.0
S03,2025-05-17 12:00:00,30.6,54,1.2,0.0
S03,2025-05-17 13:00:00,31.4,54,7.8,0.0
S03,2025-05-17 14:00:00,31.8,53,12.3,0.0
S03,2025-05-17 15:00:00,31.8,59,9.2,0.0
S03,2025-05-17 16:00:00,31.4,55,12.1,0.0
S03,2025-05-17 17:00:00,30.6,58,6.5,0.0
S03,2025-05-17 18:00:00,29.6,53,7.7,0.0
S03,2025-05-17 19:00:00,28.2,66,15.8,0.0
S03,2025-05-17 20:00:00,26.7,67,6.7,0.0
S03,2025-05-17 21:00:00,25.0,66,10.7,0.0
S03,2025-05-17 22:00:00,23.4,67,10.7,0.0
S03,2025-05-17 23:00:00,21.9,81,10.3,0.0
S03,2025-05-18 00:00:00,21.5,87,7.9,0.0
S03,2025-05-18 01:00:00,21.5,83,1.7,0.0
S03,2025-05-18 02:00:00,21.5,85,13.4,0.0
S03,2025-05-18 03:00:00,21.5,80,10.7,0.0
S03,2025-05-18 04:00:00,21.5,82,7.1,0.0
S03,2025-05-18 05:00:00,21.5,82,6.6,0.0
S03,2025-05-18 06:00:00,22.5,75,12.4,0.0
S03,2025-05-18 07:00:00,24.0,78,6.9,0.0
S03,2025-05-18 08:00:00,25.6,68,7.1,0.0
S03,2025-05-18 09:00:00,27.2,70,6.0,0.0
S03,2025-05-18 10:00:00,28.7,65,11.2,0.0
S03,2025-05-18 11:00:00,30.0,60,12.0,0.0
S03,2025-05-18 12:00:00,31.1,56,8.4,0.0
S03,2025-05-18 13:00:00,31.8,52,12.1,0.0
S03,2025-05-18 14:00:00,32.2,52,10.0,0.0
S03,2025-05-18 15:00:00,32.2,55,5.8,0.0
S03,2025-05-18 16:00:00,31.8,54,13.1,0.0
S03,2025-05-18 17:00:00,31.1,59,6.0,0.0
S03,2025-05-18 18:00:00,30.0,61,8.6,0.0
S03,2025-05-18 19:00:00,28.7,77,9.9,0.0
S03,2025-05-18 20:00:00,27.2,65,13.3,0.0
S03,2025-05-18 21:00:00,25.6,63,9.3,0.0
S03,2025-05-18 22:00:00,24.0,82,8.7,0.0
S03,2025-05-18 23:00:00,22.5,71,7.8,0.0
S03,2025-05-19 00:00:00,21.3,78,10.1,0.0
S03,2025-05-19 01:00:00,21.3,85,12.2,0.0
S03,2025-05-19 02:00:00,21.3,82,5.0,0.0
S03,2025-05-19 03:00:00,21.3,75,10.6,0.0
S03,2025-05-19 04:00:00,21.3,75,8.3,0.0
S03,2025-05-19 05:00:00,21.3,81,5.6,0.0
S03,2025-05-19 06:00:00,22.5,74,8.7,0.0
S03,2025-05-19 07:00:00,24.3,76,12.2,0.0
S03,2025-05-19 08:00:00,26.2,73,9.2,0.0
S03,2025-05-19 09:00:00,28.2,64,5.8,0.0
S03,2025-05-19 10:00:00,30.0,61,10.2,0.0
S03,2025-05-19 11:00:00,31.6,62,2.7,0.0
S03,2025-05-19 12:00:00,32.8,55,12.6,0.0
S03,2025-05-19 13:00:00,33.7,56,4.7,0.0
S03,2025-05-19 14:00:00,34.2,65,8.9,0.0
S03,2025-05-19 15:00:00,34.2,57,10.2,0.0
S03,2025-05-19 16:00:00,33.7,55,6.8,0.0
S03,2025-05-19 17:00:00,32.8,66,12.0,0.0
S03,2025-05-19 18:00:00,31.6,63,10.7,0.0
S03,2025-05-19 19:00:00,30.0,59,12.8,0.0
S03,2025-05-19 20:00:00,28.2,63,9.8,0.0
S03,2025-05-19 21:00:00,26.2,64,2.9,0.0
S03,2025-05-19 22:00:00,24.3,75,6.6,0.0
S03,2025-05-19 23:00:00,22.5,70,10.6,0.0
S03,2025-05-20 00:00:00,22.1,79,9.1,0.0
S03,2025-05-20 01:00:00,22.1,81,10.7,0.0
S03,2025-05-20 02:00:00,22.1,79,8.6,0.0
S03,2025-05-20 03:00:00,22.1,86,12.6,0.0
S03,2025-05-20 04:00:00,22.1,82,14.2,0.0
S03,2025-05-20 05:00:00,22.1,78,13.9,0.0
S03,2025-05-20 06:00:00,23.4,80,18.8,0.0
S03,2025-05-20 07:00:00,25.1,69,6.9,0.0
S03,2025-05-20 08:00:00,27.0,72,10.2,0.0
S03,2025-05-20 09:00:00,29.0,75,7.0,0.0
S03,2025-05-20 10:00:00,30.8,67,12.5,0.0
S03,2025-05-20 11:00:00,32.4,63,6.1,0.0
S03,2025-05-20 12:00:00,33.6,63,12.7,0.0
S03,2025-05-20 13:00:00,34.5,58,9.6,0.0
S03,2025-05-20 14:00:00,35.0,56,8.8,0.0
S03,2025-05-20 15:00:00,30.9,88,27.6,15.4
S03,2025-05-20 16:00:00,32.5,53,5.9,0.0
S03,2025-05-20 17:00:00,33.6,55,9.7,0.0
S03,2025-05-20 18:00:00,32.4,60,9.6,0.0
S03,2025-05-20 19:00:00,30.8,65,7.1,0.0
S03,2025-05-20 20:00:00,29.0,73,8.2,0.0
S03,2025-05-20 21:00:00,27.0,69,10.4,0.0
S03,2025-05-20 22:00:00,25.1,67,6.6,0.0
S03,2025-05-20 23:00:00,23.4,82,3.8,0.0
S03,2025-05-21 00:00:00,22.2,84,7.6,0.0
S03,2025-05-21 01:00:00,22.2,83,7.0,0.0
S03,2025-05-21 02:00:00,22.2,78,6.6,0.0
S03,2025-05-21 03:00:00,22.2,81,12.5,0.0
S03,2025-05-21 04:00:00,22.2,79,5.2,0.0
S03,2025-05-21 05:00:00,22.2,76,10.2,0.0
S03,2025-05-21 06:00:00,23.3,85,10.2,0.0
S03,2025-05-21 07:00:00,24.9,73,11.3,0.0
S03,2025-05-21 08:00:00,26.6,70,7.9,0.0
S03,2025-05-21 09:00:00,28.4,63,13.2,0.0
S03,2025-05-21 10:00:00,30.0,53,11.4,0.0
S03,2025-05-21 11:00:00,31.4,58,7.8,0.0
S03,2025-05-21 12:00:00,32.6,64,6.9,0.0
S03,2025-05-21 13:00:00,33.4,53,8.6,0.0
S03,2025-05-21 14:00:00,33.8,57,7.7,0.0
S03,2025-05-21 15:00:00,33.8,49,6.4,0.0
S03,2025-05-21 16:00:00,33.4,61,9.2,0.0
S03,2025-05-21 17:00:00,32.6,60,8.2,0.0
S03,2025-05-21 18:00:00,31.4,58,14.0,0.0
S03,2025-05-21 19:00:00,30.0,62,7.7,0.0
S03,2025-05-21 20:00:00,28.4,71,6.8,0.0
S03,2025-05-21 21:00:00,26.6,68,9.0,0.0
S03,2025-05-21 22:00:00,24.9,74,9.8,0.0
S03,2025-05-21 23:00:00,23.3,86,10.0,0.0
S03,2025-05-22 00:00:00,21.3,82,7.4,0.0
S03,2025-05-22 01:00:00,21.3,76,18.1,0.0
S03,2025-05-22 02:00:00,21.3,77,9.3,0.0
S03,2025-05-22 03:00:00,21.3,74,9.3,0.0
S03,2025-05-22 04:00:00,21.3,76,7.7,0.0
S03,2025-05-22 05:00:00,21.3,84,10.4,0.0
S03,2025-05-22 06:00:00,22.1,80,3.7,0.0
S03,2025-05-22 07:00:00,23.2,82,5.4,0.0
S03,2025-05-22 08:00:00,24.5,77,12.1,0.0
S03,2025-05-22 09:00:00,25.7,69,6.4,0.0
S03,2025-05-22 10:00:00,26.9,64,7.6,0.0
S03,2025-05-22 11:00:00,27.9,60,8.3,0.0
S03,2025-05-22 12:00:00,28.7,50,12.4,0.0
S03,2025-05-22 13:00:00,29.3,56,7.5,0.0
S03,2025-05-22 14:00:00,26.3,75,23.6,11.3
S03,2025-05-22 15:00:00,28.1,56,5.0,2.3
S03,2025-05-22 16:00:00,27.9,62,13.3,2.3
S03,2025-05-22 17:00:00,26.7,57,5.6,0.0
S03,2025-05-22 18:00:00,27.9,61,4.6,0.0
S03,2025-05-22 19:00:00,26.9,59,6.7,0.0
S03,2025-05-22 20:00:00,25.7,70,7.9,0.0
S03,2025-05-22 21:00:00,24.5,69,14.9,0.0
S03,2025-05-22 22:00:00,23.2,76,10.0,0.0
S03,2025-05-22 23:00:00,22.1,76,7.2,0.0
S03,2025-05-23 00:00:00,21.8,79,11.2,0.0
S03,2025-05-23 01:00:00,21.8,74,7.2,0.0
S03,2025-05-23 02:00:00,21.8,75,14.3,0.0
S03,2025-05-23 03:00:00,21.8,84,2.4,0.0
S03,2025-05-23 04:00:00,21.8,74,8.6,0.0
S03,2025-05-23 05:00:00,21.8,78,5.0,0.0
S03,2025-05-23 06:00:00,22.6,85,9.9,0.0
S03,2025-05-23 07:00:00,23.7,76,6.9,0.0
S03,2025-05-23 08:00:00,24.9,73,7.9,0.0
S03,2025-05-23 09:00:00,26.1,66,10.8,0.0
S03,2025-05-23 10:00:00,27.2,57,13.8,0.0
S03,2025-05-23 11:00:00,28.2,61,12.8,0.0
S03,2025-05-23 12:00:00,29.0,53,6.2,0.0
S03,2025-05-23 13:00:00,29.6,51,9.8,0.0
S03,2025-05-23 14:00:00,29.8,55,7.6,0.0
S03,2025-05-23 15:00:00,29.8,51,5.2,0.0
S03,2025-05-23 16:00:00,29.6,56,7.6,0.0
S03,2025-05-23 17:00:00,29.0,55,13.6,0.0
S03,2025-05-23 18:00:00,28.2,60,12.8,0.0
S03,2025-05-23 19:00:00,27.2,61,9.7,0.0
S03,2025-05-23 20:00:00,26.1,67,3.9,0.0
S03,2025-05-23 21:00:00,24.9,76,8.6,0.0
S03,2025-05-23 22:00:00,23.7,77,6.7,0.0
S03,2025-05-23 23:00:00,22.6,77,6.4,0.0
S03,2025-05-24 00:00:00,21.2,85,11.3,0.0
S03,2025-05-24 01:00:00,21.2,74,6.9,0.0
S03,2025-05-24 02:00:00,21.2,76,11.2,0.0
S03,2025-05-24 03:00:00,21.2,81,4.8,0.0
S03,2025-05-24 04:00:00,21.2,79,4.5,0.0
S03,2025-05-24 05:00:00,21.2,80,4.0,0.0
S03,2025-05-24 06:00:00,22.5,80,10.1,0.0
S03,2025-05-24 07:00:00,24.2,82,11.5,0.0
S03,2025-05-24 08:00:00,26.1,69,11.5,0.0
S03,2025-05-24 09:00:00,28.0,61,6.1,0.0
S03,2025-05-24 10:00:00,29.8,65,2.5,0.0
S03,2025-05-24 11:00:00,31.4,60,5.9,0.0
S03,2025-05-24 12:00:00,32.6,58,5.8,0.0
S03,2025-05-24 13:00:00,33.5,58,9.1,0.0
S03,2025-05-24 14:00:00,33.9,61,9.0,0.0
S03,2025-05-24 15:00:00,33.9,52,8.3,0.0
S03,2025-05-24 16:00:00,33.5,51,10.2,0.0
S03,2025-05-24 17:00:00,32.6,60,16.4,0.0
S03,2025-05-24 18:00:00,31.4,58,8.2,0.0
S03,2025-05-24 19:00:00,29.8,61,9.6,0.0
S03,2025-05-24 20:00:00,28.0,68,8.8,0.0
S03,2025-05-24 21:00:00,26.1,75,7.1,0.0
S03,2025-05-24 22:00:00,24.2,78,10.6,0.0
S03,2025-05-24 23:00:00,22.5,78,8.1,0.0
S03,2025-05-25 00:00:00,20.3,77,10.5,0.0
S03,2025-05-25 01:00:00,20.3,81,7.5,0.0
S03,2025-05-25 02:00:00,20.3,83,10.2,0.0
S03,2025-05-25 03:00:00,20.3,81,8.9,0.0
S03,2025-05-25 04:00:00,20.3,82,9.7,0.0
S03,2025-05-25 05:00:00,20.3,80,7.1,0.0
S03,2025-05-25 06:00:00,21.8,84,5.8,0.0
S03,2025-05-25 07:00:00,23.8,76,8.0,0.0
S03,2025-05-25 08:00:00,26.1,78,6.3,0.0
S03,2025-05-25 09:00:00,28.3,64,6.1,0.0
S03,2025-05-25 10:00:00,30.5,65,4.9,0.0
S03,2025-05-25 11:00:00,32.3,58,2.5,0.0
S03,2025-05-25 12:00:00,33.8,59,7.5,0.0
S03,2025-05-25 13:00:00,34.8,50,12.3,0.0
S03,2025-05-25 14:00:00,35.3,50,11.4,0.0
S03,2025-05-25 15:00:00,35.3,52,13.8,0.0
S03,2025-05-25 16:00:00,34.8,59,6.0,0.0
S03,2025-05-25 17:00:00,28.8,100,42.4,26.3
S03,2025-05-25 18:00:00,30.3,59,8.5,0.0
S03,2025-05-25 19:00:00,30.5,68,6.8,0.0
S03,2025-05-25 20:00:00,28.3,67,11.9,0.0
S03,2025-05-25 21:00:00,26.1,74,8.5,0.0
S03,2025-05-25 22:00:00,23.8,73,3.8,0.0
S03,2025-05-25 23:00:00,21.8,73,10.0,0.0
S03,2025-05-26 00:00:00,21.1,79,9.6,0.0
S03,2025-05-26 01:00:00,21.1,77,13.3,0.0
S03,2025-05-26 02:00:00,21.1,84,9.9,0.0
S03,2025-05-26 03:00:00,21.1,87,4.5,0.0
S03,2025-05-26 04:00:00,21.1,80,10.1,0.0
S03,2025-05-26 05:00:00,21.1,76,9.9,0.0
S03,2025-05-26 06:00:00,22.1,73,11.1,0.0
S03,2025-05-26 07:00:00,23.7,78,9.8,0.0
S03,2025-05-26 08:00:00,25.4,63,6.1,0.0
S03,2025-05-26 09:00:00,27.0,69,9.1,0.0
S03,2025-05-26 10:00:00,28.6,52,12.7,0.0
S03,2025-05-26 11:00:00,30.0,61,6.5,0.0
S03,2025-05-26 12:00:00,31.1,62,7.0,0.0
S03,2025-05-26 13:00:00,31.9,53,10.1,0.0
S03,2025-05-26 14:00:00,32.3,62,13.9,0.0
S03,2025-05-26 15:00:00,32.3,57,10.4,0.0
S03,2025-05-26 16:00:00,31.9,59,5.2,0.0
S03,2025-05-26 17:00:00,31.1,60,6.8,0.0
S03,2025-05-26 18:00:00,30.0,61,8.3,0.0
S03,2025-05-26 19:00:00,28.6,65,9.4,0.0
S03,2025-05-26 20:00:00,27.0,54,9.5,0.0
S03,2025-05-26 21:00:00,25.4,73,10.3,0.0
S03,2025-05-26 22:00:00,23.7,74,13.9,0.0
S03,2025-05-26 23:00:00,22.1,79,10.3,0.0
S03,2025-05-27 00:00:00,21.3,78,11.3,0.0
S03,2025-05-27 01:00:00,21.3,79,11.4,0.0
S03,2025-05-27 02:00:00,21.3,81,12.9,0.0
S03,2025-05-27 03:00:00,21.3,79,10.4,0.0
S03,2025-05-27 04:00:00,21.3,82,13.5,0.0
S03,2025-05-27 05:00:00,21.3,73,7.6,0.0
S03,2025-05-27 06:00:00,22.5,81,13.6,0.0
S03,2025-05-27 07:00:00,24.2,75,8.1,0.0
S03,2025-05-27 08:00:00,26.0,74,11.6,0.0
S03,2025-05-27 09:00:00,27.9,65,10.0,0.0
S03,2025-05-27 10:00:00,29.7,68,14.7,0.0
S03,2025-05-27 11:00:00,31.2,63,9.1,0.0
S03,2025-05-27 12:00:00,32.4,57,10.7,0.0
S03,2025-05-27 13:00:00,33.3,56,9.6,0.0
S03,2025-05-27 14:00:00,33.7,51,12.9,0.0
S03,2025-05-27 15:00:00,33.7,51,7.7,0.0
S03,2025-05-27 16:00:00,33.3,56,15.0,0.0
S03,2025-05-27 17:00:00,32.4,56,7.0,0.0
S03,2025-05-27 18:00:00,31.2,58,14.0,0.0
S03,2025-05-27 19:00:00,29.7,52,6.0,0.0
S03,2025-05-27 20:00:00,27.9,78,10.8,0.0
S03,2025-05-27 21:00:00,26.0,66,8.9,0.0
S03,2025-05-27 22:00:00,24.2,74,11.5,0.0
S03,2025-05-27 23:00:00,22.5,85,10.2,0.0
S03,2025-05-28 00:00:00,21.6,75,9.9,0.0
S03,2025-05-28 01:00:00,21.6,75,0.0,0.0
S03,2025-05-28 02:00:00,21.6,76,7.6,0.0
S03,2025-05-28 03:00:00,21.6,78,13.6,0.0
S03,2025-05-28 04:00:00,21.6,78,11.6,0.0
S03,2025-05-28 05:00:00,21.6,80,8.9,0.0
S03,2025-05-28 06:00:00,22.6,74,8.8,0.0
S03,2025-05-28 07:00:00,24.0,71,9.5,0.0
S03,2025-05-28 08:00:00,25.5,70,6.2,0.0
S03,2025-05-28 09:00:00,27.1,71,10.3,0.0
S03,2025-05-28 10:00:00,28.5,61,9.4,0.0
S03,2025-05-28 11:00:00,29.7,60,6.4,0.0
S03,2025-05-28 12:00:00,30.7,58,7.1,0.0
S03,2025-05-28 13:00:00,31.4,52,4.1,0.0
S03,2025-05-28 14:00:00,31.8,54,10.7,0.0
S03,2025-05-28 15:00:00,31.8,52,16.6,0.0
S03,2025-05-28 16:00:00,31.4,60,12.9,0.0
S03,2025-05-28 17:00:00,29.1,67,18.3,3.1
S03,2025-05-28 18:00:00,28.3,61,3.7,2.0
S03,2025-05-28 19:00:00,26.5,61,10.7,0.0
S03,2025-05-28 20:00:00,27.1,67,9.8,0.0
S03,2025-05-28 21:00:00,25.5,76,10.1,0.0
S03,2025-05-28 22:00:00,24.0,77,6.2,0.0
S03,2025-05-28 23:00:00,22.6,73,13.8,0.0
S03,2025-05-29 00:00:00,20.5,79,7.2,0.0
S03,2025-05-29 01:00:00,20.5,84,9.9,0.0
S03,2025-05-29 02:00:00,20.5,81,6.8,0.0
S03,2025-05-29 03:00:00,20.5,80,10.1,0.0
S03,2025-05-29 04:00:00,20.5,83,8.7,0.0
S03,2025-05-29 05:00:00,20.5,84,9.0,0.0
S03,2025-05-29 06:00:00,21.7,81,7.5,0.0
S03,2025-05-29 07:00:00,23.3,67,9.8,0.0
S03,2025-05-29 08:00:00,25.1,73,10.7,0.0
S03,2025-05-29 09:00:00,26.9,68,8.0,0.0
S03,2025-05-29 10:00:00,28.6,60,10.7,0.0
S03,2025-05-29 11:00:00,30.1,62,7.3,0.0
S03,2025-05-29 12:00:00,31.3,62,6.4,0.0
S03,2025-05-29 13:00:00,32.1,54,13.9,0.0
S03,2025-05-29 14:00:00,32.6,59,7.9,0.0
S03,2025-05-29 15:00:00,30.4,68,16.5,5.9
S03,2025-05-29 16:00:00,30.4,52,10.6,3.6
S03,2025-05-29 17:00:00,29.3,57,7.9,0.0
S03,2025-05-29 18:00:00,30.1,61,12.4,0.0
S03,2025-05-29 19:00:00,28.6,62,5.8,0.0
S03,2025-05-29 20:00:00,26.9,68,8.0,0.0
S03,2025-05-29 21:00:00,25.1,70,8.1,0.0
S03,2025-05-29 22:00:00,23.3,83,2.3,0.0
S03,2025-05-29 23:00:00,21.7,76,9.0,0.0
S03,2025-05-30 00:00:00,21.7,79,8.7,0.0
S03,2025-05-30 01:00:00,21.7,80,8.8,0.0
S03,2025-05-30 02:00:00,21.7,79,9.8,0.0
S03,2025-05-30 03:00:00,21.7,83,5.3,0.0
S03,2025-05-30 04:00:00,21.7,76,3.8,0.0
S03,2025-05-30 05:00:00,21.7,83,9.8,0.0
S03,2025-05-30 06:00:00,22.7,80,4.7,0.0
S03,2025-05-30 07:00:00,24.0,81,7.2,0.0
S03,2025-05-30 08:00:00,25.5,71,11.6,0.0
S03,2025-05-30 09:00:00,26.9,63,7.4,0.0
S03,2025-05-30 10:00:00,28.3,64,17.6,0.0
S03,2025-05-30 11:00:00,29.5,61,13.8,0.0
S03,2025-05-30 12:00:00,30.5,63,10.1,0.0
S03,2025-05-30 13:00:00,31.2,52,12.2,0.0
S03,2025-05-30 14:00:00,31.5,49,13.8,0.0
S03,2025-05-30 15:00:00,31.5,56,1.0,0.0
S03,2025-05-30 16:00:00,31.2,55,11.0,0.0
S03,2025-05-30 17:00:00,30.5,57,11.1,0.0
S03,2025-05-30 18:00:00,29.5,57,5.1,0.0
S03,2025-05-30 19:00:00,28.3,63,9.1,0.0
S03,2025-05-30 20:00:00,26.9,65,12.7,0.0
S03,2025-05-30 21:00:00,25.5,67,9.9,0.0
S03,2025-05-30 22:00:00,24.0,74,4.3,0.0
S03,2025-05-30 23:00:00,22.7,72,9.0,0.0
